local_name_unique,macro_area_tourist_presences_2024_m_istat,avg_spend_eur_synth,seats_synth,employees_synth,revenue_eur_synth,profit_margin_derived_synth,digital_presence_score_synth,restaurants_1km_synth,reputation_score_synth,macro_area_Nord,macro_area_Sud_Isole,restaurant_type_bar,restaurant_type_bistrot,restaurant_type_braceria,restaurant_type_cafe,restaurant_type_caffetteria,restaurant_type_gastronomia,restaurant_type_gelateria,restaurant_type_griglieria,restaurant_type_osteria,restaurant_type_panetteria,restaurant_type_panineria,restaurant_type_pasticceria,restaurant_type_pizzeria,restaurant_type_pub,restaurant_type_restaurant,restaurant_type_steakhouse,restaurant_type_street food,restaurant_type_trattoria,restaurant_type_wine bar,restaurant_type_wine_bar,y_manager,y_pay,y_giftcard,y_pro
Glam Enrico Bartolini - Venice,1.0,0.5496035254611746,0.39252336448598124,0.18181818181818182,0.2832135367325441,0.04387716726566879,0.43308030698325495,0.5416666666666666,0.6240107062621705,1.0,0.0,0.0,0.0,0.0,0.0,0.0,0.0,0.0,0.0,0.0,0.0,0.0,0.0,0.0,0.0,1.0,0.0,0.0,0.0,0.0,0.0,0,1,1,0
Acquolina - Rome,0.14479105356091826,0.7957086117133474,0.7757009345794391,0.7272727272727273,0.9712065104532525,0.13245171683493742,0.4329334674870219,0.45833333333333337,0.2518598448828428,0.0,0.0,0.0,0.0,0.0,0.0,0.0,0.0,0.0,0.0,0.0,0.0,0.0,0.0,0.0,0.0,1.0,0.0,0.0,0.0,0.0,0.0,1,0,1,1
L'Olivo - Anacapri,0.0,0.3562152751606591,0.24299065420560748,0.09090909090909088,0.07223181844585037,0.7141762614107076,0.3089268833013784,0.04166666666666666,0.9867547494843139,0.0,1.0,0.0,0.0,0.0,0.0,0.0,0.0,0.0,0.0,0.0,0.0,0.0,0.0,0.0,0.0,1.0,0.0,0.0,0.0,0.0,0.0,0,0,0,0
Santa Elisabetta - Florence,0.14479105356091826,0.5970481141556568,0.6448598130841121,0.45454545454545453,0.49255057325428114,0.29114199872098523,0.5185193368950056,0.375,0.8011431295925355,0.0,0.0,0.0,0.0,0.0,0.0,0.0,0.0,0.0,0.0,0.0,0.0,0.0,0.0,0.0,0.0,1.0,0.0,0.0,0.0,0.0,0.0,1,0,0,0
George Restaurant - Naples,0.0,0.6539773866599056,0.49532710280373826,0.45454545454545453,0.39979649778772897,0.2513782293564143,0.08846631270316513,0.7083333333333334,0.6890272786656018,0.0,1.0,0.0,0.0,0.0,0.0,0.0,0.0,0.0,0.0,0.0,0.0,0.0,0.0,0.0,0.0,1.0,0.0,0.0,0.0,0.0,0.0,1,0,0,0
Oro Restaurant - Venice,1.0,0.8241070900669347,0.28037383177570097,0.18181818181818182,0.32756557724396423,0.0569447209854573,0.25572884296022647,0.8333333333333334,0.7088749444909228,1.0,0.0,0.0,0.0,0.0,0.0,0.0,0.0,0.0,0.0,0.0,0.0,0.0,0.0,0.0,0.0,1.0,0.0,0.0,0.0,0.0,0.0,1,1,0,0
Aroma - Rome,0.14479105356091826,0.5853438200255129,0.8785046728971961,0.8181818181818181,0.8031826830454675,0.30040396855219875,0.3360097172660901,0.8749999999999999,0.6370651723711522,0.0,0.0,0.0,0.0,0.0,0.0,0.0,0.0,0.0,0.0,0.0,0.0,0.0,0.0,0.0,0.0,1.0,0.0,0.0,0.0,0.0,0.0,0,0,1,1
La Sala dei Grappoli - Montalcino,0.14479105356091826,0.6915771513721715,0.5327102803738317,0.3636363636363636,0.4932343193108199,0.907235430232568,0.2640487728982607,0.29166666666666663,0.7014520911085615,0.0,0.0,0.0,0.0,0.0,0.0,0.0,0.0,0.0,0.0,0.0,0.0,0.0,0.0,0.0,0.0,1.0,0.0,0.0,0.0,0.0,0.0,0,1,1,1
Due Camini - Savelletri,0.0,0.6787479990057481,0.5046728971962616,0.27272727272727276,0.37683852594518835,0.7245741466140336,0.03573612786289987,0.16666666666666666,0.6322640733461924,0.0,1.0,0.0,0.0,0.0,0.0,0.0,0.0,0.0,0.0,0.0,0.0,0.0,0.0,0.0,0.0,1.0,0.0,0.0,0.0,0.0,0.0,0,1,0,0
Borgo San Jacopo - Florence,0.14479105356091826,0.7392643222568549,0.5981308411214953,0.5454545454545454,0.6885907740954516,0.46755643311116324,0.38870675046999104,0.625,0.6881085443050821,0.0,0.0,0.0,0.0,0.0,0.0,0.0,0.0,0.0,0.0,0.0,0.0,0.0,0.0,0.0,0.0,1.0,0.0,0.0,0.0,0.0,0.0,1,1,0,1
Terrazza Bosquet - Sorrento,0.0,0.7209880248906538,0.205607476635514,0.09090909090909088,0.1852360757657563,0.9884297132741311,0.5268302185217983,0.45833333333333337,0.3693721478424264,0.0,1.0,0.0,0.0,0.0,0.0,0.0,0.0,0.0,0.0,0.0,0.0,0.0,0.0,0.0,0.0,1.0,0.0,0.0,0.0,0.0,0.0,1,0,0,0
Vespasia - Norcia,0.14479105356091826,1.0,0.44859813084112143,0.18181818181818182,0.6652116503326594,0.3339377609632943,0.411180668368209,0.24999999999999997,0.6419455156328921,0.0,0.0,0.0,0.0,0.0,0.0,0.0,0.0,0.0,0.0,0.0,0.0,0.0,0.0,0.0,0.0,1.0,0.0,0.0,0.0,0.0,0.0,0,1,0,1
Zash - Archi,0.0,0.7957474540634899,0.44859813084112143,0.27272727272727276,0.4960208564585939,0.9256012326303253,0.6956057992560637,0.20833333333333334,0.7042661598526208,0.0,1.0,0.0,0.0,0.0,0.0,0.0,0.0,0.0,0.0,0.0,0.0,0.0,0.0,0.0,0.0,1.0,0.0,0.0,0.0,0.0,0.0,0,0,0,1
Il Pievano - Gaiole in Chianti,0.14479105356091826,0.3067449070523628,0.3271028037383177,0.27272727272727276,0.13213756154526962,0.566627121058983,0.38014961343483966,0.20833333333333334,0.4344352865923535,0.0,0.0,0.0,0.0,0.0,0.0,0.0,0.0,0.0,0.0,0.0,0.0,0.0,0.0,0.0,0.0,1.0,0.0,0.0,0.0,0.0,0.0,0,0,0,1
Amistà - Corrubbio,1.0,0.7355929662924556,0.28971962616822433,0.09090909090909088,0.3580650691054818,0.9917361497640691,0.9070210933446722,0.24999999999999997,0.4773086701022215,1.0,0.0,0.0,0.0,0.0,0.0,0.0,0.0,0.0,0.0,0.0,0.0,0.0,0.0,0.0,0.0,1.0,0.0,0.0,0.0,0.0,0.0,1,1,0,0
La Terrazza - Rome,0.14479105356091826,0.8077744559920557,0.5046728971962616,0.45454545454545453,0.46784871799656796,0.4309820957560243,0.777371322659769,0.5416666666666666,0.622915603423045,0.0,0.0,0.0,0.0,0.0,0.0,0.0,0.0,0.0,0.0,0.0,0.0,0.0,0.0,0.0,0.0,1.0,0.0,0.0,0.0,0.0,0.0,1,0,0,1
La Torre - Tavarnelle Val di Pesa,0.14479105356091826,0.5545526997151031,0.8317757009345793,0.6363636363636365,0.5182555366364564,0.8200403378642962,0.1795220335437353,0.41666666666666663,0.5592742435846476,0.0,0.0,0.0,0.0,0.0,0.0,0.0,0.0,0.0,0.0,0.0,0.0,0.0,0.0,0.0,0.0,1.0,0.0,0.0,0.0,0.0,0.0,1,0,1,0
Relais Blu - Massa Lubrense,0.0,0.75592596571736,0.5794392523364486,0.5454545454545454,0.5881454745442334,0.2734712735099768,0.7100261269034106,0.33333333333333337,0.8165818531590987,0.0,1.0,0.0,0.0,0.0,0.0,0.0,0.0,0.0,0.0,0.0,0.0,0.0,0.0,0.0,0.0,1.0,0.0,0.0,0.0,0.0,0.0,0,1,1,1
Il Falconiere - San Martino,0.0,0.5816347997737006,0.3177570093457943,0.18181818181818182,0.2292245257038245,0.35610280188224674,0.7301277438475754,0.24999999999999997,0.7670224803110144,0.0,1.0,0.0,0.0,0.0,0.0,0.0,0.0,0.0,0.0,0.0,0.0,0.0,0.0,0.0,0.0,1.0,0.0,0.0,0.0,0.0,0.0,1,0,0,0
La Trattoria Enrico Bartolini - Castiglione della Pescaia,0.14479105356091826,0.7589256119967047,0.7102803738317757,0.45454545454545453,0.728360131704507,0.5784168196821183,0.5644278458745405,0.24999999999999997,0.42618953297352397,0.0,0.0,0.0,0.0,0.0,0.0,0.0,0.0,0.0,0.0,0.0,0.0,0.0,0.0,0.0,0.0,1.0,0.0,0.0,0.0,0.0,0.0,1,1,0,1
Poggio Rosso - Castelnuovo Berardenga,0.14479105356091826,0.862696760856278,0.7289719626168224,0.6363636363636365,0.8221063746283019,0.4223440245511162,0.9999999999999999,0.20833333333333334,0.5570158684634374,0.0,0.0,0.0,0.0,0.0,0.0,0.0,0.0,0.0,0.0,0.0,0.0,0.0,0.0,0.0,0.0,1.0,0.0,0.0,0.0,0.0,0.0,0,1,1,1
Cannavacciuolo by the Lake - Pettenasco,1.0,0.7483782207594193,0.43925233644859807,0.3636363636363636,0.3361206171037717,0.6321569521011398,0.5438467381849156,0.20833333333333334,0.4687449293569977,1.0,0.0,0.0,0.0,0.0,0.0,0.0,0.0,0.0,0.0,0.0,0.0,0.0,0.0,0.0,0.0,1.0,0.0,0.0,0.0,0.0,0.0,0,0,0,0
Le Monzù - Capri,0.0,0.6986547688027147,0.3271028037383177,0.18181818181818182,0.3718288633828792,0.3672621415927527,0.7207665136317972,0.33333333333333337,0.48621108238742855,0.0,1.0,0.0,0.0,0.0,0.0,0.0,0.0,0.0,0.0,0.0,0.0,0.0,0.0,0.0,0.0,1.0,0.0,0.0,0.0,0.0,0.0,1,1,0,0
Luca's by Paulo Airaudo - Florence,0.14479105356091826,0.601004313686233,0.6915887850467289,0.5454545454545454,0.6278746959336365,0.9456047854172123,0.20380247154359477,0.375,0.8117165064616305,0.0,0.0,0.0,0.0,0.0,0.0,0.0,0.0,0.0,0.0,0.0,0.0,0.0,0.0,0.0,0.0,1.0,0.0,0.0,0.0,0.0,0.0,1,0,1,0
Indaco - Lacco Ameno,0.0,0.9347641476908813,0.2710280373831776,0.18181818181818182,0.4633918449849829,0.9886916551981972,0.5008980986073133,0.12499999999999997,0.5859264007852198,0.0,1.0,0.0,0.0,0.0,0.0,0.0,0.0,0.0,0.0,0.0,0.0,0.0,0.0,0.0,0.0,1.0,0.0,0.0,0.0,0.0,0.0,0,0,1,0
Saporium - Chiusdino,0.14479105356091826,0.7486340712956643,0.7943925233644858,0.6363636363636365,0.848143433754393,0.8382867555623896,0.4194859691006979,0.16666666666666666,0.7395194692633758,0.0,0.0,0.0,0.0,0.0,0.0,0.0,0.0,0.0,0.0,0.0,0.0,0.0,0.0,0.0,0.0,1.0,0.0,0.0,0.0,0.0,0.0,1,1,1,0
INEO - Rome,0.14479105356091826,0.5911523033991631,0.3551401869158878,0.27272727272727276,0.20598990558624752,0.21967353969251144,0.9032134050854587,0.6666666666666666,0.27750044101923926,0.0,0.0,0.0,0.0,0.0,0.0,0.0,0.0,0.0,0.0,0.0,0.0,0.0,0.0,0.0,0.0,1.0,0.0,0.0,0.0,0.0,0.0,0,0,0,0
Il Sereno Al Lago - Torno,1.0,0.6920377001259107,0.5607476635514018,0.45454545454545453,0.5027404396742894,0.22693873095301867,0.455856830434612,0.04166666666666666,0.6741498056738167,1.0,0.0,0.0,0.0,0.0,0.0,0.0,0.0,0.0,0.0,0.0,0.0,0.0,0.0,0.0,0.0,1.0,0.0,0.0,0.0,0.0,0.0,1,1,0,1
Senso Lake Garda Alfio Ghezzi - Limone sul Garda,1.0,0.8143034224941472,0.6355140186915887,0.5454545454545454,0.4931437391748507,0.12889381567313882,0.8230750868983111,0.16666666666666666,0.7919658481804353,1.0,0.0,0.0,0.0,0.0,0.0,0.0,0.0,0.0,0.0,0.0,0.0,0.0,0.0,0.0,0.0,1.0,0.0,0.0,0.0,0.0,0.0,1,1,1,1
Serrae Villa Fiesole - Fiesole,0.14479105356091826,0.511728777059227,0.3738317757009345,0.27272727272727276,0.2724489335591584,1.0,0.20376509013465038,0.16666666666666666,0.5695612456629584,0.0,0.0,0.0,0.0,0.0,0.0,0.0,0.0,0.0,0.0,0.0,0.0,0.0,0.0,0.0,0.0,1.0,0.0,0.0,0.0,0.0,0.0,0,0,0,1
Elementi - Torgiano,0.14479105356091826,0.5451301814471166,0.1588785046728972,0.09090909090909088,0.11118126301926566,0.8094953990552638,0.6171861879127222,0.16666666666666666,0.5808153171058064,0.0,0.0,0.0,0.0,0.0,0.0,0.0,0.0,0.0,0.0,0.0,0.0,0.0,0.0,0.0,0.0,1.0,0.0,0.0,0.0,0.0,0.0,1,1,0,0
Anima - Milan,1.0,0.375553710587387,0.514018691588785,0.3636363636363636,0.19955542614769528,0.5823845410691599,0.32828059501747364,0.9166666666666666,0.46622893602851195,1.0,0.0,0.0,0.0,0.0,0.0,0.0,0.0,0.0,0.0,0.0,0.0,0.0,0.0,0.0,0.0,1.0,0.0,0.0,0.0,0.0,0.0,1,1,0,0
Atto di Vito Mollica - Florence,0.14479105356091826,0.7856035207073411,0.43925233644859807,0.27272727272727276,0.4951579950372171,0.4539637523971922,0.5848411099725869,0.45833333333333337,0.5753971086023422,0.0,0.0,0.0,0.0,0.0,0.0,0.0,0.0,0.0,0.0,0.0,0.0,0.0,0.0,0.0,0.0,1.0,0.0,0.0,0.0,0.0,0.0,1,1,1,1
Otto Geleng - Taormina,0.0,0.7607523009575623,0.01869158878504673,0.0,0.0819019545136254,0.9945390159991216,0.30396161390648857,0.24999999999999997,0.548793138563028,0.0,1.0,0.0,0.0,0.0,0.0,0.0,0.0,0.0,0.0,0.0,0.0,0.0,0.0,0.0,0.0,1.0,0.0,0.0,0.0,0.0,0.0,0,1,0,0
Lunasia - Viareggio,0.14479105356091826,0.7036196507855226,0.28037383177570097,0.09090909090909088,0.24458841862906494,0.8765888011450962,0.52391822496504,0.45833333333333337,0.6509389243738473,0.0,0.0,0.0,0.0,0.0,0.0,0.0,0.0,0.0,0.0,0.0,0.0,0.0,0.0,0.0,0.0,1.0,0.0,0.0,0.0,0.0,0.0,0,0,1,1
Cip's Club - Venice,1.0,0.6445659103511879,0.6074766355140186,0.45454545454545453,0.4703240564769789,0.09160731917209355,0.28893591378251793,0.5833333333333334,0.6544729604896777,1.0,0.0,0.0,0.0,0.0,0.0,0.0,0.0,0.0,0.0,0.0,0.0,0.0,0.0,0.0,0.0,1.0,0.0,0.0,0.0,0.0,0.0,1,1,1,1
Don Carlos - Milan,1.0,0.6580356666659144,0.3177570093457943,0.27272727272727276,0.3176881991087216,0.6616959143668948,0.48755195166676923,0.625,0.44512631434309186,1.0,0.0,0.0,0.0,0.0,0.0,0.0,0.0,0.0,0.0,0.0,0.0,0.0,0.0,0.0,0.0,1.0,0.0,0.0,0.0,0.0,0.0,0,0,0,0
La Serra - Positano,0.0,0.2615319754151113,0.5233644859813084,0.45454545454545453,0.19364298792508627,0.9680103551054713,0.363026281498233,0.20833333333333334,0.5800594043234502,0.0,1.0,0.0,0.0,0.0,0.0,0.0,0.0,0.0,0.0,0.0,0.0,0.0,0.0,0.0,0.0,1.0,0.0,0.0,0.0,0.0,0.0,0,1,1,0
i-Fame - Rimini,1.0,0.471773314572501,0.42056074766355134,0.27272727272727276,0.2578399543695723,0.5831916521346086,0.5204257682684392,0.33333333333333337,0.224136267827943,1.0,0.0,0.0,0.0,0.0,0.0,0.0,0.0,0.0,0.0,0.0,0.0,0.0,0.0,0.0,0.0,1.0,0.0,0.0,0.0,0.0,0.0,0,1,0,1
Acanto - Milan,1.0,0.7218546221229021,0.43925233644859807,0.27272727272727276,0.4363571933990566,0.8729617440788513,0.5039465619187476,0.45833333333333337,0.4851622946838586,1.0,0.0,0.0,0.0,0.0,0.0,0.0,0.0,0.0,0.0,0.0,0.0,0.0,0.0,0.0,0.0,1.0,0.0,0.0,0.0,0.0,0.0,1,0,1,1
Winter Garden Florence - Florence,0.14479105356091826,0.6977350670968361,0.3831775700934579,0.3636363636363636,0.38787646806039133,0.007931271248347888,0.40833018266013277,0.5833333333333334,0.4061775247161948,0.0,0.0,0.0,0.0,0.0,0.0,0.0,0.0,0.0,0.0,0.0,0.0,0.0,0.0,0.0,0.0,1.0,0.0,0.0,0.0,0.0,0.0,0,1,0,1
Maxi - Vico Equense,0.0,0.7349560325734976,0.5981308411214953,0.3636363636363636,0.7178216821106642,0.6681758673920553,0.6851714001147048,0.33333333333333337,0.6760965889038162,0.0,1.0,0.0,0.0,0.0,0.0,0.0,0.0,0.0,0.0,0.0,0.0,0.0,0.0,0.0,0.0,1.0,0.0,0.0,0.0,0.0,0.0,0,0,1,1
Al Palazzo - Positano,0.0,0.526749969054162,0.30841121495327106,0.18181818181818182,0.19247380188665292,0.43472041803465244,0.5009837235626173,0.24999999999999997,0.5063343210242601,0.0,1.0,0.0,0.0,0.0,0.0,0.0,0.0,0.0,0.0,0.0,0.0,0.0,0.0,0.0,0.0,1.0,0.0,0.0,0.0,0.0,0.0,1,1,0,1
Morelli - Milan,1.0,0.8178091236635661,0.8691588785046728,0.8181818181818181,1.0,0.49954221909892027,0.5610611857933674,0.41666666666666663,0.5433058202814054,1.0,0.0,0.0,0.0,0.0,0.0,0.0,0.0,0.0,0.0,0.0,0.0,0.0,0.0,0.0,0.0,1.0,0.0,0.0,0.0,0.0,0.0,1,1,1,0
Armani/Ristorante - Milan,1.0,0.7940625701554851,0.4018691588785046,0.3636363636363636,0.42154682745764005,0.2698430621119291,0.3190246181103523,0.6666666666666666,0.2755636966882002,1.0,0.0,0.0,0.0,0.0,0.0,0.0,0.0,0.0,0.0,0.0,0.0,0.0,0.0,0.0,0.0,1.0,0.0,0.0,0.0,0.0,0.0,1,1,0,0
Osteria del Guà - Bagnolo,1.0,0.34088226476453104,0.4579439252336448,0.27272727272727276,0.1709302786893026,0.9144366822421068,0.3101825899784044,0.24999999999999997,0.8007788081303404,1.0,0.0,0.0,0.0,0.0,0.0,0.0,0.0,0.0,0.0,0.0,0.0,0.0,0.0,0.0,0.0,1.0,0.0,0.0,0.0,0.0,0.0,0,0,1,0
VeRo - Venetian Roots - Venice,1.0,0.5747913140464935,0.4018691588785046,0.3636363636363636,0.264264785116674,0.30339072821884694,0.47276957735668257,0.45833333333333337,0.5684957901707828,1.0,0.0,0.0,0.0,0.0,0.0,0.0,0.0,0.0,0.0,0.0,0.0,0.0,0.0,0.0,0.0,1.0,0.0,0.0,0.0,0.0,0.0,1,1,0,1
Tosca - Casole d'Elsa,0.14479105356091826,0.7692031902725815,0.5887850467289719,0.3636363636363636,0.5002025046005419,0.07186714555083953,0.9298266094390132,0.41666666666666663,0.6037627195388415,0.0,0.0,0.0,0.0,0.0,0.0,0.0,0.0,0.0,0.0,0.0,0.0,0.0,0.0,0.0,0.0,1.0,0.0,0.0,0.0,0.0,0.0,0,1,0,1
Osteria Francescana - Modena,1.0,0.6356065157502897,0.4018691588785046,0.3636363636363636,0.26617277491891445,0.7955129339913289,0.6778532938800509,0.24999999999999997,0.40868696916314456,1.0,0.0,0.0,0.0,0.0,0.0,0.0,0.0,0.0,0.0,0.0,0.0,0.0,0.0,0.0,0.0,1.0,0.0,0.0,0.0,0.0,0.0,1,1,0,1
Piazza Duomo - Alba,1.0,0.7295891346251655,0.5887850467289719,0.3636363636363636,0.6302780898938801,0.8357444300727039,0.2102001358192067,0.20833333333333334,0.18396699153461604,1.0,0.0,0.0,0.0,0.0,0.0,0.0,0.0,0.0,0.0,0.0,0.0,0.0,0.0,0.0,0.0,1.0,0.0,0.0,0.0,0.0,0.0,0,1,0,1
Reale - Castel di Sangro,0.0,0.6899477325036651,0.8130841121495326,0.6363636363636365,0.6283006383465994,0.16600474812462115,0.19746623731761037,0.16666666666666666,0.7101410021064007,0.0,1.0,0.0,0.0,0.0,0.0,0.0,0.0,0.0,0.0,0.0,0.0,0.0,0.0,0.0,0.0,1.0,0.0,0.0,0.0,0.0,0.0,1,0,1,1
Atelier Moessmer Norbert Niederkofler - Brunico,1.0,0.517577774509377,0.3457943925233644,0.27272727272727276,0.2936473675812336,0.7753351853911877,0.24852220881722298,0.16666666666666666,0.0,1.0,0.0,0.0,0.0,0.0,0.0,0.0,0.0,0.0,0.0,0.0,0.0,0.0,0.0,0.0,0.0,1.0,0.0,0.0,0.0,0.0,0.0,0,1,0,0
Uliassi - Senigallia,0.14479105356091826,0.8011005290472684,0.7289719626168224,0.6363636363636365,0.8053603104365826,0.6756262279101737,0.5624552925581103,0.0,0.648951400345146,0.0,0.0,0.0,0.0,0.0,0.0,0.0,0.0,0.0,0.0,0.0,0.0,0.0,0.0,0.0,0.0,1.0,0.0,0.0,0.0,0.0,0.0,1,1,1,1
Casa Perbellini 12 Apostoli - Verona,1.0,0.5807910297232961,0.3738317757009345,0.27272727272727276,0.2895153054620014,0.19104149896912945,0.24346648685086247,0.20833333333333334,0.9051206177672804,1.0,0.0,0.0,0.0,0.0,0.0,0.0,0.0,0.0,0.0,0.0,0.0,0.0,0.0,0.0,0.0,1.0,0.0,0.0,0.0,0.0,0.0,0,0,0,1
4 Archi - Milo,0.0,0.6367854063819496,0.28037383177570097,0.27272727272727276,0.23878439831193543,0.8913649382765483,0.49238263436771734,0.24999999999999997,0.8247836599487812,0.0,1.0,0.0,0.0,0.0,0.0,0.0,0.0,0.0,0.0,0.0,0.0,0.0,0.0,0.0,0.0,1.0,0.0,0.0,0.0,0.0,0.0,1,0,0,1
Abbamele Osteria - Mamoiada,0.0,0.7047359401369825,0.39252336448598124,0.27272727272727276,0.29974362765835116,0.020841531585062967,0.5386475054441694,0.08333333333333334,1.0,0.0,1.0,0.0,0.0,0.0,0.0,0.0,0.0,0.0,0.0,0.0,0.0,0.0,0.0,0.0,0.0,1.0,0.0,0.0,0.0,0.0,0.0,1,0,0,0
Agra Mater - Colmurano,0.14479105356091826,0.6438755846936729,0.5794392523364486,0.3636363636363636,0.440022561432683,0.9937256044367517,0.7280393916383207,0.04166666666666666,0.6350710730802076,0.0,0.0,0.0,0.0,0.0,0.0,0.0,0.0,0.0,0.0,0.0,0.0,0.0,0.0,0.0,0.0,1.0,0.0,0.0,0.0,0.0,0.0,0,1,0,1
Ai Due Platani - Parma,1.0,0.5389603601672716,0.6261682242990654,0.3636363636363636,0.39834098404405727,0.5683821062998319,0.4677851447094421,0.29166666666666663,0.45352353502951853,1.0,0.0,0.0,0.0,0.0,0.0,0.0,0.0,0.0,0.0,0.0,0.0,0.0,0.0,0.0,0.0,1.0,0.0,0.0,0.0,0.0,0.0,0,0,0,1
Al Convento - Casa Torrente - Cetara,0.0,0.8218277879883052,0.8971962616822429,0.7272727272727273,0.8018912935702651,0.5695212907619136,0.5621463872666872,0.375,0.3363344254496243,0.0,1.0,0.0,0.0,0.0,0.0,0.0,0.0,0.0,0.0,0.0,0.0,0.0,0.0,0.0,0.0,1.0,0.0,0.0,0.0,0.0,0.0,1,1,1,1
All' Osteria Bottega - Bologna,1.0,0.5627691909179251,0.5233644859813084,0.27272727272727276,0.3818997855593416,0.22846713437362923,0.5817041429948506,0.5416666666666666,0.15317006295688995,1.0,0.0,0.0,0.0,0.0,0.0,0.0,0.0,0.0,0.0,0.0,0.0,0.0,0.0,0.0,0.0,1.0,0.0,0.0,0.0,0.0,0.0,1,1,0,1
Antica Bottega del Vino - Verona,1.0,0.31331666028208816,0.43925233644859807,0.5454545454545454,0.2535487753309997,0.4833403663922141,0.21949303749651194,0.20833333333333334,0.5783961549819434,1.0,0.0,0.0,0.0,0.0,0.0,0.0,0.0,0.0,0.0,0.0,0.0,0.0,0.0,0.0,0.0,0.0,0.0,0.0,0.0,0.0,1.0,1,1,1,1
CIZ - Cantina e Cucina - Milan,1.0,0.2115295397288217,0.5794392523364486,0.6363636363636365,0.2975001783720763,0.06076622706398413,0.33530042566691753,0.8333333333333334,0.42646307959908364,1.0,0.0,0.0,0.0,0.0,0.0,0.0,0.0,0.0,0.0,0.0,0.0,0.0,0.0,0.0,0.0,0.0,0.0,0.0,0.0,0.0,1.0,0,1,0,1
Da Nando - Mortegliano,1.0,0.32778441350236487,0.36448598130841114,0.5454545454545454,0.24478719346741307,0.830905977480104,0.7577354566696833,0.12499999999999997,0.4703640897010188,1.0,0.0,0.0,0.0,0.0,0.0,0.0,0.0,0.0,0.0,0.0,0.0,0.0,0.0,0.0,0.0,0.0,0.0,0.0,0.0,0.0,1.0,1,0,0,0
Del Gatto - Anzio,0.14479105356091826,0.2560475368378215,0.4018691588785046,0.5454545454545454,0.14227556684758697,0.17704962334607607,0.3327316874299604,0.20833333333333334,0.4342056988975555,0.0,0.0,0.0,0.0,0.0,0.0,0.0,0.0,0.0,0.0,0.0,0.0,0.0,0.0,0.0,0.0,0.0,0.0,0.0,0.0,0.0,1.0,0,1,0,0
Enoteca della Valpolicella - Fumane,1.0,0.25957099466080163,0.39252336448598124,0.5454545454545454,0.1972687040616538,0.10310663473289236,0.2662098646465507,0.5833333333333334,0.586736350369083,1.0,0.0,0.0,0.0,0.0,0.0,0.0,0.0,0.0,0.0,0.0,0.0,0.0,0.0,0.0,0.0,0.0,0.0,0.0,0.0,0.0,1.0,0,0,1,1
Enoteca Quattro Ruote - Montalto di Castro,0.14479105356091826,0.3579880387293165,0.33644859813084105,0.6363636363636365,0.1745331956902702,0.7758357242093356,0.5115697144792665,0.16666666666666666,0.472145511356346,0.0,0.0,0.0,0.0,0.0,0.0,0.0,0.0,0.0,0.0,0.0,0.0,0.0,0.0,0.0,0.0,0.0,0.0,0.0,0.0,0.0,1.0,0,0,0,0
Ba Restaurant - Milan,1.0,0.7035730321004966,0.4579439252336448,0.27272727272727276,0.5317739499503495,0.9910317532732142,0.24140517230779335,0.45833333333333337,0.535340553448856,1.0,0.0,0.0,0.0,0.0,0.0,0.0,0.0,0.0,0.0,0.0,0.0,0.0,0.0,0.0,0.0,1.0,0.0,0.0,0.0,0.0,0.0,1,0,0,1
Gong Oriental Attitude - Milan,1.0,0.6399484968740258,0.3177570093457943,0.27272727272727276,0.2624966868342136,0.6330703075789281,0.7715213506849837,0.375,0.396577823224983,1.0,0.0,0.0,0.0,0.0,0.0,0.0,0.0,0.0,0.0,0.0,0.0,0.0,0.0,0.0,0.0,1.0,0.0,0.0,0.0,0.0,0.0,1,1,1,1
Il Gusto di Xinge - Florence,0.14479105356091826,0.6657611668015951,0.6448598130841121,0.6363636363636365,0.6585203267607148,0.755681550983909,0.32773255137291046,0.75,0.6894492964394161,0.0,0.0,0.0,0.0,0.0,0.0,0.0,0.0,0.0,0.0,0.0,0.0,0.0,0.0,0.0,0.0,1.0,0.0,0.0,0.0,0.0,0.0,1,0,1,1
Il Vizio all'Hotel Quattrotorri - Perugia,0.14479105356091826,0.6533624933898738,0.0,0.0,0.0557691731544962,0.0,0.465742699311832,0.20833333333333334,0.4263948273743274,0.0,0.0,0.0,0.0,0.0,0.0,0.0,0.0,0.0,0.0,0.0,0.0,0.0,0.0,0.0,0.0,1.0,0.0,0.0,0.0,0.0,0.0,0,0,0,0
IYO Restaurant - Milan,1.0,0.6136758522244001,0.6635514018691588,0.3636363636363636,0.4406298512383174,0.1216618733177475,0.501417343019901,0.45833333333333337,0.935940283142086,1.0,0.0,0.0,0.0,0.0,0.0,0.0,0.0,0.0,0.0,0.0,0.0,0.0,0.0,0.0,0.0,1.0,0.0,0.0,0.0,0.0,0.0,1,1,1,0
Kohaku - Rome,0.14479105356091826,0.7173577488656987,0.6635514018691588,0.5454545454545454,0.5388141642207803,0.8733683049672682,0.435238168059497,0.6666666666666666,0.5085530359181607,0.0,0.0,0.0,0.0,0.0,0.0,0.0,0.0,0.0,0.0,0.0,0.0,0.0,0.0,0.0,0.0,1.0,0.0,0.0,0.0,0.0,0.0,0,0,1,1
Moi Omakase - Prato,0.14479105356091826,0.46338314346371406,0.514018691588785,0.3636363636363636,0.35013926815765173,0.12731601422934455,0.40249365212539645,0.33333333333333337,0.4360943203852961,0.0,0.0,0.0,0.0,0.0,0.0,0.0,0.0,0.0,0.0,0.0,0.0,0.0,0.0,0.0,0.0,1.0,0.0,0.0,0.0,0.0,0.0,0,1,0,1
Nomisan - Rome,0.14479105356091826,0.9886157400120378,0.5981308411214953,0.27272727272727276,0.6878638712049326,0.14899575708697968,0.5093447432128475,0.41666666666666663,0.48962749102595754,0.0,0.0,0.0,0.0,0.0,0.0,0.0,0.0,0.0,0.0,0.0,0.0,0.0,0.0,0.0,0.0,1.0,0.0,0.0,0.0,0.0,0.0,0,0,0,1
Vero - Omakase Rooftop - Nola,0.0,0.6042366270660049,0.5327102803738317,0.3636363636363636,0.39556111403988586,0.9474196578439043,0.5606031802762451,0.16666666666666666,0.48384044545162247,0.0,1.0,0.0,0.0,0.0,0.0,0.0,0.0,0.0,0.0,0.0,0.0,0.0,0.0,0.0,0.0,1.0,0.0,0.0,0.0,0.0,0.0,0,1,0,1
Ahimè - Bologna,1.0,0.2632168411009429,0.33644859813084105,0.5454545454545454,0.20561039597941677,0.8004857735510718,0.9641626770076829,0.5,0.4600115408424716,1.0,0.0,0.0,1.0,0.0,0.0,0.0,0.0,0.0,0.0,0.0,0.0,0.0,0.0,0.0,0.0,0.0,0.0,0.0,0.0,0.0,0.0,1,1,1,1
Al Callianino - Montecchia di Crosara,1.0,0.2790562978448021,0.36448598130841114,0.3636363636363636,0.25929644146755954,0.44823028096667683,0.5324757472730631,0.375,0.08157589815142136,1.0,0.0,0.0,1.0,0.0,0.0,0.0,0.0,0.0,0.0,0.0,0.0,0.0,0.0,0.0,0.0,0.0,0.0,0.0,0.0,0.0,0.0,0,1,1,0
Baccano - Rome,0.14479105356091826,0.39770215423657845,0.36448598130841114,0.45454545454545453,0.39457234350815745,0.37720801541869964,0.8932758035351039,0.7083333333333334,0.3426806838126651,0.0,0.0,0.0,1.0,0.0,0.0,0.0,0.0,0.0,0.0,0.0,0.0,0.0,0.0,0.0,0.0,0.0,0.0,0.0,0.0,0.0,0.0,1,1,0,1
Caffè dell'Oro - Florence,0.14479105356091826,0.329104411923764,0.07476635514018692,0.18181818181818182,0.06060023177451218,0.23393985877225296,0.8917183092293705,0.45833333333333337,0.21989579991157376,0.0,0.0,0.0,1.0,0.0,0.0,0.0,0.0,0.0,0.0,0.0,0.0,0.0,0.0,0.0,0.0,0.0,0.0,0.0,0.0,0.0,0.0,1,0,1,1
Franceschetta58 - Modena,1.0,0.2459329891748534,0.39252336448598124,0.45454545454545453,0.18622591068181937,0.9619638711185965,0.3937482529600288,0.45833333333333337,0.5926148557715587,1.0,0.0,0.0,1.0,0.0,0.0,0.0,0.0,0.0,0.0,0.0,0.0,0.0,0.0,0.0,0.0,0.0,0.0,0.0,0.0,0.0,0.0,1,0,1,1
Lanzani Bottega & Bistrot - Brescia,1.0,0.2860345218542247,0.3177570093457943,0.3636363636363636,0.202329849056273,0.6077319862406637,0.2343221802183576,0.625,0.5719640196568403,1.0,0.0,0.0,1.0,0.0,0.0,0.0,0.0,0.0,0.0,0.0,0.0,0.0,0.0,0.0,0.0,0.0,0.0,0.0,0.0,0.0,0.0,0,0,0,0
Nidaba - Montebelluna,1.0,0.29816155618455975,0.22429906542056074,0.27272727272727276,0.09960126469986523,0.1961404713145026,0.35246485692637897,0.375,0.5602188470252882,1.0,0.0,0.0,0.0,0.0,0.0,0.0,0.0,0.0,0.0,0.0,0.0,0.0,0.0,0.0,1.0,0.0,0.0,0.0,0.0,0.0,0.0,0,1,0,0
Osteria Origano - Palmariggi,0.0,0.7683809540472801,0.5233644859813084,0.3636363636363636,0.4636614770869592,0.4093947114763372,0.524102684219207,0.375,0.3239045857524558,0.0,1.0,0.0,0.0,0.0,0.0,0.0,0.0,0.0,0.0,0.0,0.0,0.0,0.0,0.0,0.0,1.0,0.0,0.0,0.0,0.0,0.0,1,0,1,1
Osteria SanBiagio - Fabriano,0.14479105356091826,0.6198831190764604,0.8037383177570092,0.7272727272727273,0.5417837506245232,0.8824157413478688,0.4392090620087955,0.20833333333333334,0.7556081960254435,0.0,0.0,0.0,0.0,0.0,0.0,0.0,0.0,0.0,0.0,0.0,0.0,0.0,0.0,0.0,0.0,1.0,0.0,0.0,0.0,0.0,0.0,1,0,1,1
Acqua e Sale - Scafati,0.0,0.45484298407525975,1.0,0.6363636363636365,0.5273296051227515,0.7123131598649473,0.4749493002300579,0.24999999999999997,0.7083028550951824,0.0,1.0,0.0,0.0,0.0,0.0,0.0,0.0,0.0,0.0,0.0,0.0,0.0,0.0,0.0,0.0,1.0,0.0,0.0,0.0,0.0,0.0,1,0,0,0
Agorà - Rende,0.0,0.7215548964723566,0.5046728971962616,0.3636363636363636,0.5130059307194987,0.1570930473255923,0.6228787205563165,0.24999999999999997,0.2717515751547425,0.0,1.0,0.0,0.0,0.0,0.0,0.0,0.0,0.0,0.0,0.0,0.0,0.0,0.0,0.0,0.0,1.0,0.0,0.0,0.0,0.0,0.0,1,0,1,1
Apollonia - Nalles,1.0,0.4493244037477528,0.5327102803738317,0.27272727272727276,0.25092533566202574,0.8933391420987629,0.5696675908631851,0.41666666666666663,0.7259883077852471,1.0,0.0,0.0,0.0,0.0,0.0,0.0,0.0,0.0,0.0,0.0,0.0,0.0,0.0,0.0,0.0,1.0,0.0,0.0,0.0,0.0,0.0,0,1,0,1
Casa & Putia - Messina,0.0,0.2997823555329987,0.514018691588785,0.3636363636363636,0.21804957175667544,0.2556453607255371,0.3522527299212489,0.29166666666666663,0.3144540022267161,0.0,1.0,0.0,0.0,0.0,0.0,0.0,0.0,0.0,0.0,0.0,0.0,0.0,0.0,0.0,0.0,1.0,0.0,0.0,0.0,0.0,0.0,0,1,0,0
CUCINA.eat - Cagliari,0.0,0.24044857146372572,0.44859813084112143,0.7272727272727273,0.20343837727908742,0.7653686296047866,0.3836371544364515,0.16666666666666666,0.32481294812485234,0.0,1.0,0.0,1.0,0.0,0.0,0.0,0.0,0.0,0.0,0.0,0.0,0.0,0.0,0.0,0.0,0.0,0.0,0.0,0.0,0.0,0.0,0,1,1,0
DaGorini - Bagno di Romagna,1.0,0.7593530361217488,0.5420560747663551,0.45454545454545453,0.4892196842043082,0.5263645137184794,0.7148508565831616,0.24999999999999997,0.5525703062066125,1.0,0.0,0.0,0.0,0.0,0.0,0.0,0.0,0.0,0.0,0.0,0.0,0.0,0.0,0.0,0.0,1.0,0.0,0.0,0.0,0.0,0.0,1,0,0,0
Hostaria Santa Lucia - Jesi,0.14479105356091826,0.639943673836498,0.43925233644859807,0.3636363636363636,0.3660701321903364,0.7473980178237212,0.538514476995724,0.29166666666666663,0.9400306748265252,0.0,0.0,0.0,0.0,0.0,0.0,0.0,0.0,0.0,0.0,0.0,0.0,0.0,0.0,0.0,0.0,1.0,0.0,0.0,0.0,0.0,0.0,0,1,0,0
I Sapori di Marianna - Maratea,0.0,0.6408508333614928,0.5794392523364486,0.27272727272727276,0.5530316098032813,0.19840075107218072,0.5469110958566974,0.20833333333333334,0.7602210377695668,0.0,1.0,0.0,0.0,0.0,0.0,0.0,0.0,0.0,0.0,0.0,0.0,0.0,0.0,0.0,0.0,1.0,0.0,0.0,0.0,0.0,0.0,1,1,0,0
Le Rocche - Osteria in Treiso - Treiso,1.0,0.6279423752674339,0.49532710280373826,0.27272727272727276,0.5015157714282034,0.024057304024099474,0.5439377787752507,0.08333333333333334,0.6086306785105542,1.0,0.0,0.0,0.0,0.0,0.0,0.0,0.0,0.0,0.0,0.0,0.0,0.0,0.0,0.0,0.0,1.0,0.0,0.0,0.0,0.0,0.0,0,0,0,0
La Madia - Brione,1.0,0.6309351403324281,0.36448598130841114,0.27272727272727276,0.3989007192013007,0.5837328455097528,0.38508985941251184,0.33333333333333337,0.6733295807817119,1.0,0.0,0.0,0.0,0.0,0.0,0.0,0.0,0.0,0.0,0.0,0.0,0.0,0.0,0.0,0.0,1.0,0.0,0.0,0.0,0.0,0.0,1,1,0,0
Dina - Gussago,1.0,0.607130194571699,0.7757009345794391,0.5454545454545454,0.6663937136902968,0.33545293077585747,0.2627073595544567,0.24999999999999997,0.8491276081430932,1.0,0.0,0.0,0.0,0.0,0.0,0.0,0.0,0.0,0.0,0.0,0.0,0.0,0.0,0.0,0.0,1.0,0.0,0.0,0.0,0.0,0.0,1,1,1,1
Sottovoce del Vista Lago di Como - Como,1.0,0.6303768444098625,0.33644859813084105,0.18181818181818182,0.2744413862755989,0.37876764684230735,0.5695490886856454,0.375,0.34011543823952667,1.0,0.0,0.0,0.0,0.0,0.0,0.0,0.0,0.0,0.0,0.0,0.0,0.0,0.0,0.0,0.0,1.0,0.0,0.0,0.0,0.0,0.0,0,0,1,1
CasaLeali - Puegnago del Garda,1.0,0.7750791259901251,0.3177570093457943,0.18181818181818182,0.36449460470762823,0.06433633529037561,0.35425591687189617,0.7916666666666666,0.3925156234522916,1.0,0.0,0.0,0.0,0.0,0.0,0.0,0.0,0.0,0.0,0.0,0.0,0.0,0.0,0.0,0.0,1.0,0.0,0.0,0.0,0.0,0.0,0,1,0,0
Da Lucio - Rimini,1.0,0.8083055730406496,0.5420560747663551,0.3636363636363636,0.6063983587114075,0.15198109382630062,0.6851866194708504,0.24999999999999997,0.7019231523161917,1.0,0.0,0.0,0.0,0.0,0.0,0.0,0.0,0.0,0.0,0.0,0.0,0.0,0.0,0.0,0.0,1.0,0.0,0.0,0.0,0.0,0.0,1,1,0,0
Due Camini a Borgo Egnazia - Fasano,0.0,0.7561781113983039,0.5514018691588785,0.3636363636363636,0.6171491108054227,0.4412495129857942,0.36575775374227726,0.5,0.9970288851862219,0.0,1.0,0.0,0.0,0.0,0.0,0.0,0.0,0.0,0.0,0.0,0.0,0.0,0.0,0.0,0.0,1.0,0.0,0.0,0.0,0.0,0.0,1,0,0,1
Lunasia dell’Hotel Plaza e de Russie - Viareggio,0.14479105356091826,0.7323149932658554,0.3738317757009345,0.18181818181818182,0.33358648523036244,0.08356146086871455,0.6791222989344371,0.04166666666666666,0.34326993071093886,0.0,0.0,0.0,0.0,0.0,0.0,0.0,0.0,0.0,0.0,0.0,0.0,0.0,0.0,0.0,0.0,1.0,0.0,0.0,0.0,0.0,0.0,1,1,0,0
San Domenico - Imola,1.0,0.6469274622593358,0.9532710280373831,0.8181818181818181,0.7918889452793167,0.9514413100977654,0.535136434746621,0.16666666666666666,0.5521019787390433,1.0,0.0,0.0,0.0,0.0,0.0,0.0,0.0,0.0,0.0,0.0,0.0,0.0,0.0,0.0,0.0,1.0,0.0,0.0,0.0,0.0,0.0,1,0,0,1
Villa Maiella - Guardiagrele,0.0,0.7966062592998032,0.7757009345794391,0.5454545454545454,0.6614068927375152,0.2109842462216943,0.4354821639024463,0.16666666666666666,0.6534134394188891,0.0,1.0,0.0,0.0,0.0,0.0,0.0,0.0,0.0,0.0,0.0,0.0,0.0,0.0,0.0,0.0,1.0,0.0,0.0,0.0,0.0,0.0,1,1,1,0
Eaté by The Sense Experience Resort - Follonica,0.14479105356091826,0.7169273387025846,0.5607476635514018,0.45454545454545453,0.5403141465227558,0.5048857358042975,0.044740272625297006,0.12499999999999997,0.38139727472807744,0.0,0.0,0.0,0.0,0.0,0.0,0.0,0.0,0.0,0.0,0.0,0.0,0.0,0.0,0.0,0.0,1.0,0.0,0.0,0.0,0.0,0.0,1,1,0,1
Bu:r - Milan,1.0,0.6809604840346172,0.5233644859813084,0.45454545454545453,0.47880716395597805,0.11792598375597815,0.34032031679704877,0.5,0.583874842029654,1.0,0.0,0.0,0.0,0.0,0.0,0.0,0.0,0.0,0.0,0.0,0.0,0.0,0.0,0.0,0.0,1.0,0.0,0.0,0.0,0.0,0.0,0,0,1,1
Bottega Culinaria - San Vito Chietino,0.0,0.8434217423286032,0.36448598130841114,0.27272727272727276,0.5070906854033411,0.30343801847876706,0.6792504666416942,0.45833333333333337,0.7901372653000116,0.0,1.0,0.0,0.0,0.0,0.0,0.0,0.0,0.0,0.0,0.0,0.0,0.0,0.0,0.0,0.0,1.0,0.0,0.0,0.0,0.0,0.0,0,1,1,0
Da Lincosta - L'Aquila,0.0,0.5483617688534465,0.616822429906542,0.3636363636363636,0.5218036518900925,0.9476915017274523,0.9744768547297656,0.45833333333333337,0.5855971349852056,0.0,1.0,0.0,0.0,0.0,0.0,0.0,0.0,0.0,0.0,0.0,0.0,0.0,0.0,0.0,0.0,1.0,0.0,0.0,0.0,0.0,0.0,0,1,1,1
Arso - Orvieto,0.14479105356091826,0.6695817927326301,0.3177570093457943,0.18181818181818182,0.30456169693175034,0.03989360004138698,0.665817282372808,0.24999999999999997,0.3642144391172251,0.0,0.0,0.0,0.0,0.0,0.0,0.0,0.0,0.0,0.0,0.0,0.0,0.0,0.0,0.0,0.0,1.0,0.0,0.0,0.0,0.0,0.0,0,1,0,0
Molino Trattoria Moderna - Calenzano,0.14479105356091826,0.6129523765836169,0.4579439252336448,0.27272727272727276,0.45576761086698375,0.297266291978479,0.40232609484720383,0.45833333333333337,0.5932432339803817,0.0,0.0,0.0,0.0,0.0,0.0,0.0,0.0,0.0,0.0,0.0,0.0,0.0,0.0,0.0,0.0,1.0,0.0,0.0,0.0,0.0,0.0,1,1,0,0
Contrada San Savino - Civitanova Marche,0.14479105356091826,0.3798904495919158,0.46728971962616817,0.8181818181818181,0.2128666176167694,0.39012527476841596,0.1534446388801285,0.625,0.4380107698520553,0.0,0.0,0.0,0.0,0.0,0.0,0.0,0.0,0.0,0.0,0.0,0.0,0.0,0.0,0.0,0.0,0.0,0.0,0.0,0.0,0.0,0.0,0,0,1,0
Futura - Rome,0.14479105356091826,0.869952109824389,0.14953271028037382,0.0,0.29065587285663524,0.8532098662783112,0.4146168181471963,0.41666666666666663,0.5664104547673319,0.0,0.0,0.0,0.0,0.0,0.0,0.0,0.0,0.0,0.0,0.0,0.0,0.0,0.0,0.0,0.0,1.0,0.0,0.0,0.0,0.0,0.0,0,1,0,0
CiPASSO - Rome,0.14479105356091826,0.7066873970641391,0.28971962616822433,0.18181818181818182,0.2995826767434853,0.4244573738271522,0.530038412260053,0.7083333333333334,0.1519339252572185,0.0,0.0,0.0,0.0,0.0,0.0,0.0,0.0,0.0,0.0,0.0,0.0,0.0,0.0,0.0,0.0,1.0,0.0,0.0,0.0,0.0,0.0,0,1,0,1
Bar San Calisto - Rome,0.14479105356091826,0.07695014577203772,0.16822429906542055,0.3636363636363636,0.08201865176790761,0.7246374700481739,0.4717262281827752,0.7916666666666666,0.3487931607632125,0.0,0.0,1.0,0.0,0.0,0.0,0.0,0.0,0.0,0.0,0.0,0.0,0.0,0.0,0.0,0.0,0.0,0.0,0.0,0.0,0.0,0.0,0,0,0,0
Trecaffè - Via dei due Macelli - Rome,0.14479105356091826,0.2634775913259322,0.41121495327102797,0.45454545454545453,0.1814373853086354,0.8593708757613419,0.36129522632497946,0.5,0.4848749156180459,0.0,0.0,0.0,0.0,0.0,1.0,0.0,0.0,0.0,0.0,0.0,0.0,0.0,0.0,0.0,0.0,0.0,0.0,0.0,0.0,0.0,0.0,1,0,0,1
Cantina e Cucina - Rome,0.14479105356091826,0.7789126118981652,0.42056074766355134,0.27272727272727276,0.3721232413378622,0.14480000791355127,0.4258910054624283,0.6666666666666666,0.31475012682740383,0.0,0.0,0.0,0.0,0.0,0.0,0.0,0.0,0.0,0.0,0.0,0.0,0.0,0.0,0.0,0.0,1.0,0.0,0.0,0.0,0.0,0.0,1,0,0,1
The Race Club - Rome,0.14479105356091826,0.019108020974623732,0.19626168224299065,0.5454545454545454,0.0336101290149904,0.43702477115652283,0.47044118305228255,0.24999999999999997,0.68108817891453,0.0,0.0,1.0,0.0,0.0,0.0,0.0,0.0,0.0,0.0,0.0,0.0,0.0,0.0,0.0,0.0,0.0,0.0,0.0,0.0,0.0,0.0,0,0,1,1
La Casa del Caffè Tazza d'Oro - Rome,0.14479105356091826,0.49218054343222256,0.25233644859813087,0.3636363636363636,0.20995008379672375,0.6620871269631453,0.4348245078675623,0.375,0.3922844862452904,0.0,0.0,0.0,0.0,0.0,1.0,0.0,0.0,0.0,0.0,0.0,0.0,0.0,0.0,0.0,0.0,0.0,0.0,0.0,0.0,0.0,0.0,0,1,1,0
Tonnarello San Pietro - Rome,0.14479105356091826,0.6222331082569967,0.5981308411214953,0.45454545454545453,0.3734285420643408,0.341385230471698,0.33604909017088813,0.375,0.18626785234033083,0.0,0.0,0.0,0.0,0.0,0.0,0.0,0.0,0.0,0.0,0.0,0.0,0.0,0.0,0.0,0.0,1.0,0.0,0.0,0.0,0.0,0.0,0,0,1,1
The Basement - Pub. Cocktail Bar. Events - Rome,0.14479105356091826,0.3600286796128333,0.17757009345794392,0.18181818181818182,0.11579689319089849,0.430159872557495,0.44973253917950884,0.625,0.7305049993088386,0.0,0.0,0.0,0.0,0.0,0.0,0.0,0.0,0.0,0.0,0.0,0.0,0.0,0.0,0.0,1.0,0.0,0.0,0.0,0.0,0.0,0.0,0,0,0,0
Danesi Caffè - Rome,0.14479105356091826,0.29169137695737807,0.41121495327102797,0.45454545454545453,0.23059347369385702,0.38359783498896616,0.5322603016752855,0.7916666666666666,0.7695699014811874,0.0,0.0,0.0,0.0,0.0,1.0,0.0,0.0,0.0,0.0,0.0,0.0,0.0,0.0,0.0,0.0,0.0,0.0,0.0,0.0,0.0,0.0,1,0,1,1
Ambrosia Rooftop Restaurant & Bar - Rome,0.14479105356091826,0.5602117014400453,0.7663551401869158,0.6363636363636365,0.5267134464557959,0.21799368854221632,0.8659032488751187,0.33333333333333337,0.9256258543497802,0.0,0.0,0.0,0.0,0.0,0.0,0.0,0.0,0.0,0.0,0.0,0.0,0.0,0.0,0.0,0.0,1.0,0.0,0.0,0.0,0.0,0.0,0,0,1,0
La Botticella of Poggi Giovanni - Rome,0.14479105356091826,0.04547131094263569,0.16822429906542055,0.45454545454545453,0.07773202157139088,0.503598213286761,0.4839178244434783,0.5833333333333334,0.7020224602342029,0.0,0.0,1.0,0.0,0.0,0.0,0.0,0.0,0.0,0.0,0.0,0.0,0.0,0.0,0.0,0.0,0.0,0.0,0.0,0.0,0.0,0.0,0,0,0,1
Caffè Antica Roma - Rome,0.14479105356091826,0.2513279567038473,0.3551401869158878,0.5454545454545454,0.17528108372607532,0.4966555442932047,0.011152951409198475,0.7083333333333334,0.6229541371249583,0.0,0.0,0.0,0.0,0.0,1.0,0.0,0.0,0.0,0.0,0.0,0.0,0.0,0.0,0.0,0.0,0.0,0.0,0.0,0.0,0.0,0.0,0,1,0,0
La locanda del tempio - Rome,0.14479105356091826,0.9061798585862243,0.46728971962616817,0.45454545454545453,0.5553140178488966,0.290177255322163,0.606092414850213,0.33333333333333337,0.23748441495085343,0.0,0.0,0.0,0.0,0.0,0.0,0.0,0.0,0.0,0.0,0.0,0.0,0.0,0.0,0.0,0.0,1.0,0.0,0.0,0.0,0.0,0.0,0,1,1,0
Sapphire Bar Roma - Rome,0.14479105356091826,0.009081532533254652,0.14018691588785046,0.3636363636363636,0.015026365258067775,0.17407913210093243,0.4676861301173203,0.375,0.7903773850958484,0.0,0.0,1.0,0.0,0.0,0.0,0.0,0.0,0.0,0.0,0.0,0.0,0.0,0.0,0.0,0.0,0.0,0.0,0.0,0.0,0.0,0.0,0,1,1,0
Faro - Caffè Specialty - Rome,0.14479105356091826,0.37148009277300753,0.5794392523364486,0.6363636363636365,0.35631739872894996,0.17652985085847858,0.8676154744183392,0.5416666666666666,0.25252401235630245,0.0,0.0,0.0,0.0,0.0,1.0,0.0,0.0,0.0,0.0,0.0,0.0,0.0,0.0,0.0,0.0,0.0,0.0,0.0,0.0,0.0,0.0,1,1,0,1
Achille Al Pantheon di Habana - Rome,0.14479105356091826,0.7605781195237238,0.8037383177570092,0.7272727272727273,0.7902606765521843,0.8283346564322134,0.9557892395978463,0.5416666666666666,0.5421903662424712,0.0,0.0,0.0,0.0,0.0,0.0,0.0,0.0,0.0,0.0,0.0,0.0,0.0,0.0,0.0,0.0,1.0,0.0,0.0,0.0,0.0,0.0,1,0,0,1
L'immagine Bistrot Ristorante - Milan,1.0,0.26792233597457393,0.26168224299065423,0.45454545454545453,0.15670699209870276,0.4248913340173508,0.7644275513883191,0.41666666666666663,0.3214540129500936,1.0,0.0,0.0,1.0,0.0,0.0,0.0,0.0,0.0,0.0,0.0,0.0,0.0,0.0,0.0,0.0,0.0,0.0,0.0,0.0,0.0,0.0,1,1,1,0
Monkey Cocktail Bar - Milan,1.0,0.0588479820603703,0.16822429906542055,0.5454545454545454,0.09688934856006719,0.5862776106651679,0.4664888500929105,0.5,0.620977560806949,1.0,0.0,1.0,0.0,0.0,0.0,0.0,0.0,0.0,0.0,0.0,0.0,0.0,0.0,0.0,0.0,0.0,0.0,0.0,0.0,0.0,0.0,1,1,1,0
Orsonero Coffee - Milan,1.0,0.2964438278024956,0.28971962616822433,0.45454545454545453,0.132263649133795,0.08959960504122724,0.2367359316227533,0.45833333333333337,0.3490349888845988,1.0,0.0,0.0,0.0,0.0,1.0,0.0,0.0,0.0,0.0,0.0,0.0,0.0,0.0,0.0,0.0,0.0,0.0,0.0,0.0,0.0,0.0,1,0,0,0
Gloria Osteria Milano - Milan,1.0,0.9231595695385376,0.4579439252336448,0.3636363636363636,0.5997596577829085,0.7989094144886182,0.3607295190664157,0.625,0.34881065847004084,1.0,0.0,0.0,0.0,0.0,0.0,0.0,0.0,0.0,0.0,0.0,0.0,0.0,0.0,0.0,0.0,1.0,0.0,0.0,0.0,0.0,0.0,0,0,0,1
Zizania via Celestino - Milan,1.0,0.0,0.205607476635514,0.5454545454545454,0.06018729361370305,0.4756553135831939,0.43798746667909705,0.5833333333333334,0.7517951618477208,1.0,0.0,1.0,0.0,0.0,0.0,0.0,0.0,0.0,0.0,0.0,0.0,0.0,0.0,0.0,0.0,0.0,0.0,0.0,0.0,0.0,0.0,0,1,1,0
Crazy Cat Café - Milan,1.0,0.34221438354194406,0.07476635514018692,0.18181818181818182,0.04436347467351534,0.036217183743976256,0.4304155562451528,0.5833333333333334,0.3425567456493472,1.0,0.0,0.0,0.0,0.0,1.0,0.0,0.0,0.0,0.0,0.0,0.0,0.0,0.0,0.0,0.0,0.0,0.0,0.0,0.0,0.0,0.0,0,1,0,0
Trattoria Trippa - Milan,1.0,0.5934429668795134,0.8411214953271027,0.6363636363636365,0.5589551827340392,0.41342405784305414,0.6831297947959779,0.16666666666666666,0.7145654100205567,1.0,0.0,0.0,0.0,0.0,0.0,0.0,0.0,0.0,0.0,0.0,0.0,0.0,0.0,0.0,0.0,1.0,0.0,0.0,0.0,0.0,0.0,1,1,0,0
The Doping Bar - Milan,1.0,0.0,0.21495327102803738,0.5454545454545454,0.04680979754558377,0.6688729592832979,0.7360398583746263,0.29166666666666663,0.42376091663691134,1.0,0.0,1.0,0.0,0.0,0.0,0.0,0.0,0.0,0.0,0.0,0.0,0.0,0.0,0.0,0.0,0.0,0.0,0.0,0.0,0.0,0.0,0,1,1,0
Debbie's - Milan,1.0,0.3817263709505035,0.5700934579439252,0.8181818181818181,0.39518483969721685,0.21292046509854948,0.723625854476538,0.5,0.7699596058555511,1.0,0.0,0.0,0.0,0.0,1.0,0.0,0.0,0.0,0.0,0.0,0.0,0.0,0.0,0.0,0.0,0.0,0.0,0.0,0.0,0.0,0.0,1,1,1,0
Ribot Restaurant - Milan,1.0,0.9606392336609278,0.49532710280373826,0.3636363636363636,0.6626805909752209,0.11796943420614739,0.046764477372894964,0.45833333333333337,0.6974677125814681,1.0,0.0,0.0,0.0,0.0,0.0,0.0,0.0,0.0,0.0,0.0,0.0,0.0,0.0,0.0,0.0,1.0,0.0,0.0,0.0,0.0,0.0,0,1,1,0
Backdoor 43 - Milan,1.0,0.03653695821543036,0.18691588785046728,0.45454545454545453,0.05487472266916878,0.11212632682315135,0.6031741360520725,0.6666666666666666,0.20689299050104587,1.0,0.0,1.0,0.0,0.0,0.0,0.0,0.0,0.0,0.0,0.0,0.0,0.0,0.0,0.0,0.0,0.0,0.0,0.0,0.0,0.0,0.0,1,1,0,1
Caffè Napoli Giardino - Milan,1.0,0.2775442930804627,0.46728971962616817,0.5454545454545454,0.22111812088802218,0.3047692651763164,0.45395818908399577,0.33333333333333337,0.9533567924165522,1.0,0.0,0.0,0.0,0.0,1.0,0.0,0.0,0.0,0.0,0.0,0.0,0.0,0.0,0.0,0.0,0.0,0.0,0.0,0.0,0.0,0.0,0,1,0,0
Via Pasteria - Corso Italia - Milan,1.0,0.7001863390749243,0.08411214953271029,0.0,0.1456867211866688,0.31451748585811656,0.1300268002095113,0.8333333333333334,0.7292891401932882,1.0,0.0,0.0,0.0,0.0,0.0,0.0,0.0,0.0,0.0,0.0,0.0,0.0,0.0,0.0,0.0,1.0,0.0,0.0,0.0,0.0,0.0,1,1,0,1
Raboucer - Milan,1.0,0.0627516507403313,0.21495327102803738,0.6363636363636365,0.11759677897314984,0.24505453495933846,0.5712043557992812,0.5833333333333334,0.32263701393921723,1.0,0.0,1.0,0.0,0.0,0.0,0.0,0.0,0.0,0.0,0.0,0.0,0.0,0.0,0.0,0.0,0.0,0.0,0.0,0.0,0.0,0.0,1,1,1,0
Antica Bruschetteria Pautasso - Torino,1.0,0.5010924557174854,0.46728971962616817,0.6363636363636365,0.3206510682092862,0.1827684607358042,0.7331883130258606,0.6666666666666666,0.3589600651414005,1.0,0.0,0.0,0.0,0.0,0.0,0.0,0.0,0.0,0.0,0.0,0.0,0.0,0.0,0.0,0.0,0.0,0.0,0.0,1.0,0.0,0.0,0,1,1,0
Antica Locanda dell’Orco - Rivarolo Canavese,1.0,0.6148564686364337,0.9065420560747663,0.7272727272727273,0.6820796092339776,0.4032533462269329,0.7225955152388762,0.41666666666666663,0.7300403077905409,1.0,0.0,0.0,0.0,0.0,0.0,0.0,0.0,0.0,0.0,0.0,0.0,0.0,0.0,0.0,0.0,1.0,0.0,0.0,0.0,0.0,0.0,1,1,1,1
Casa Vicina - Torino,1.0,0.3562079153554786,0.7009345794392523,0.6363636363636365,0.36876075075080966,0.29711233907222767,0.51850991273449,0.375,0.5197441438879005,1.0,0.0,0.0,0.0,0.0,0.0,0.0,0.0,0.0,0.0,0.0,0.0,0.0,0.0,0.0,0.0,1.0,0.0,0.0,0.0,0.0,0.0,1,1,0,0
La Locanda del Bollito - Torino,1.0,0.5812816075216989,0.44859813084112143,0.5454545454545454,0.4057369838078961,0.19892922219609052,0.41364878708012187,0.7916666666666666,0.5862449624762833,1.0,0.0,0.0,0.0,0.0,0.0,0.0,0.0,0.0,0.0,0.0,0.0,0.0,0.0,0.0,0.0,0.0,0.0,0.0,1.0,0.0,0.0,1,0,0,0
Locanda del Sole - Chivasso,1.0,0.4220122567441163,0.616822429906542,0.3636363636363636,0.36080343603003406,0.6404788615954494,0.637287956937305,0.41666666666666663,0.8101355756633415,1.0,0.0,0.0,0.0,0.0,0.0,0.0,0.0,0.0,0.0,0.0,0.0,0.0,0.0,0.0,0.0,1.0,0.0,0.0,0.0,0.0,0.0,1,1,1,0
Madama Piola - Torino,1.0,0.251403491557108,0.3831775700934579,0.45454545454545453,0.169114314224104,0.254868003887458,0.8379260616906762,0.9999999999999999,0.6343388362300704,1.0,0.0,0.0,0.0,0.0,0.0,0.0,0.0,0.0,0.0,0.0,0.0,0.0,0.0,0.0,0.0,0.0,0.0,0.0,1.0,0.0,0.0,1,1,0,1
Ponte Barra - Torino,1.0,0.7185440260208286,0.7943925233644858,0.5454545454545454,0.6283796608745926,0.7130689289671626,0.31372318647493513,0.5416666666666666,0.3619450849666975,1.0,0.0,0.0,0.0,0.0,0.0,0.0,0.0,0.0,0.0,0.0,0.0,0.0,0.0,0.0,0.0,1.0,0.0,0.0,0.0,0.0,0.0,0,1,1,1
Porto di Savona - Torino,1.0,0.38562640829267003,0.5887850467289719,0.5454545454545454,0.40284968163857926,0.7035791422625647,0.2876137754943794,0.5,0.8474659929147463,1.0,0.0,0.0,0.0,0.0,0.0,0.0,0.0,0.0,0.0,0.0,0.0,0.0,0.0,0.0,0.0,0.0,0.0,0.0,1.0,0.0,0.0,0,1,1,1
San Giors - Torino,1.0,0.7733200637408811,0.4859813084112149,0.45454545454545453,0.4895616549487743,0.06371597094399786,0.4143875734030472,0.6666666666666666,0.5632276996702852,1.0,0.0,0.0,0.0,0.0,0.0,0.0,0.0,0.0,0.0,0.0,0.0,0.0,0.0,0.0,0.0,1.0,0.0,0.0,0.0,0.0,0.0,1,1,1,0
Tre Galline - Torino,1.0,0.747727418182261,0.2710280373831776,0.09090909090909088,0.32771234413613104,0.2565461299707871,0.2506578807029469,0.75,0.5440799642938288,1.0,0.0,0.0,0.0,0.0,0.0,0.0,0.0,0.0,0.0,0.0,0.0,0.0,0.0,0.0,0.0,1.0,0.0,0.0,0.0,0.0,0.0,0,1,1,1
La Collina degli Olivi - Forano,0.14479105356091826,0.6988958379381838,0.5794392523364486,0.8181818181818181,0.4304414061237849,0.03410901057999488,0.48150076625305527,0.20833333333333334,0.593088625671321,0.0,0.0,0.0,0.0,0.0,0.0,0.0,0.0,0.0,0.0,0.0,0.0,0.0,0.0,0.0,0.0,0.0,0.0,0.0,0.0,0.0,0.0,0,1,1,1
Agricola Moderna by FDR - Magliano Sabina,0.14479105356091826,0.5469530491616885,0.6822429906542056,0.45454545454545453,0.4827328269542423,0.5025421013779388,0.31161760787814896,0.29166666666666663,0.5985197765378014,0.0,0.0,0.0,0.0,0.0,0.0,0.0,0.0,0.0,0.0,0.0,0.0,0.0,0.0,0.0,0.0,1.0,0.0,0.0,0.0,0.0,0.0,1,1,1,1
Ristorante degli Angeli - Magliano Sabina,0.14479105356091826,0.5471932293308059,0.49532710280373826,0.27272727272727276,0.3748817224395498,0.6379199015642225,0.42444323848098453,0.24999999999999997,0.551122248894063,0.0,0.0,0.0,0.0,0.0,0.0,0.0,0.0,0.0,0.0,0.0,0.0,0.0,0.0,0.0,0.0,1.0,0.0,0.0,0.0,0.0,0.0,1,0,0,0
Fattoria del Giglio - Magliano Sabina,0.14479105356091826,0.46035850889308744,0.4299065420560747,0.45454545454545453,0.18038609969017966,0.5025030113537147,0.3263082211201844,0.41666666666666663,0.6511565335557927,0.0,0.0,0.0,0.0,0.0,0.0,0.0,0.0,0.0,0.0,0.0,0.0,0.0,0.0,0.0,0.0,0.0,0.0,0.0,0.0,0.0,0.0,1,0,0,1
Il Giardino Segreto - Tarano,0.14479105356091826,0.43399837688715576,0.7570093457943925,1.0,0.409226838811103,0.9110043307684199,0.5644719158398771,0.04166666666666666,0.43655471521215267,0.0,0.0,0.0,0.0,0.0,0.0,0.0,0.0,0.0,0.0,0.0,0.0,0.0,0.0,0.0,0.0,0.0,0.0,0.0,0.0,0.0,0.0,1,1,1,1
Capocroce - Cantalupo in Sabina,0.14479105356091826,0.49794237504016675,0.30841121495327106,0.27272727272727276,0.18756437774421403,0.5677786331037977,0.6431348420030475,0.375,0.6029285830044431,0.0,0.0,0.0,0.0,0.0,0.0,0.0,0.0,0.0,0.0,0.0,0.0,0.0,0.0,0.0,0.0,0.0,0.0,0.0,1.0,0.0,0.0,1,0,0,0
Calù Pasticceria - Cantalupo in Sabina,0.14479105356091826,0.12434540637355294,0.11214953271028036,0.3636363636363636,0.08299247931211777,0.04614560384135666,0.3363224913420999,0.12499999999999997,0.6207295608073842,0.0,0.0,0.0,0.0,0.0,0.0,0.0,0.0,0.0,0.0,0.0,0.0,0.0,1.0,0.0,0.0,0.0,0.0,0.0,0.0,0.0,0.0,0,0,1,0
Osteria Vigna - Casperia,0.14479105356091826,0.38999208145129155,0.6074766355140186,0.5454545454545454,0.3813583636352628,0.9554891100314689,0.6624537090825232,0.375,0.5814340987803599,0.0,0.0,0.0,0.0,0.0,0.0,0.0,0.0,0.0,0.0,0.0,0.0,0.0,0.0,0.0,0.0,0.0,0.0,0.0,1.0,0.0,0.0,0,1,1,0
7 Sensi Cucina Decontaminata - Genova,1.0,0.4103472856153297,0.7009345794392523,0.5454545454545454,0.4346694883892144,0.69324135338263,0.870517641889886,0.75,0.3983077433252316,1.0,0.0,0.0,0.0,0.0,0.0,0.0,0.0,0.0,0.0,0.0,0.0,0.0,0.0,0.0,0.0,1.0,0.0,0.0,0.0,0.0,0.0,0,1,1,0
Quelli dell’Acciughetta - Genova,1.0,0.7651341170641839,0.7383177570093458,0.7272727272727273,0.6414027611388217,0.6318645933907355,0.5380567328213032,0.5833333333333334,0.7549045860255674,1.0,0.0,0.0,0.0,0.0,0.0,0.0,0.0,0.0,0.0,0.0,0.0,0.0,0.0,0.0,0.0,1.0,0.0,0.0,0.0,0.0,0.0,1,1,1,1
Bruxaboschi - Genova,1.0,0.5092087213320888,0.5700934579439252,0.7272727272727273,0.3619043635169175,0.3166602867306464,0.5959207131737281,0.24999999999999997,0.35924058595179437,1.0,0.0,0.0,0.0,0.0,0.0,0.0,0.0,0.0,0.0,0.0,0.0,0.0,0.0,0.0,0.0,0.0,0.0,0.0,1.0,0.0,0.0,0,1,1,0
Antica Osteria della Collina by Illume - Genova,1.0,0.461146939338212,0.26168224299065423,0.3636363636363636,0.20497869875495778,0.49757739165466464,0.407565212280794,0.5,0.5771722842864184,1.0,0.0,0.0,0.0,0.0,0.0,0.0,0.0,0.0,0.0,0.0,0.0,0.0,0.0,0.0,0.0,0.0,0.0,0.0,1.0,0.0,0.0,0,0,1,1
The Cook Restaurant - Genova,1.0,0.8756108380398221,0.5233644859813084,0.27272727272727276,0.6092023063832914,0.7160139068219072,0.5011689724322963,0.375,0.6101439183925863,1.0,0.0,0.0,0.0,0.0,0.0,0.0,0.0,0.0,0.0,0.0,0.0,0.0,0.0,0.0,0.0,1.0,0.0,0.0,0.0,0.0,0.0,1,1,0,1
Cucina Valoria - Genova,1.0,0.6039594698546267,0.514018691588785,0.3636363636363636,0.33006422075103886,0.48052119458679887,0.6232984290832279,0.5833333333333334,0.8217240692975296,1.0,0.0,0.0,0.0,0.0,0.0,0.0,0.0,0.0,0.0,0.0,0.0,0.0,0.0,0.0,0.0,1.0,0.0,0.0,0.0,0.0,0.0,1,1,0,1
La Cremeria delle Erbe - Genova,1.0,0.0508096524590121,0.17757009345794392,0.5454545454545454,0.06920861298726459,0.5687108734673945,0.6784206176380184,0.29166666666666663,0.9003411933648624,1.0,0.0,0.0,0.0,0.0,0.0,0.0,0.0,1.0,0.0,0.0,0.0,0.0,0.0,0.0,0.0,0.0,0.0,0.0,0.0,0.0,0.0,0,1,0,0
D. Villa - Profumo Pasticceria - Genova,1.0,0.1065645652444162,0.30841121495327106,0.5454545454545454,0.14419186772424541,0.4619267015564854,0.3853273110662052,0.5833333333333334,0.5225821890092024,1.0,0.0,0.0,0.0,0.0,0.0,0.0,0.0,0.0,0.0,0.0,0.0,0.0,1.0,0.0,0.0,0.0,0.0,0.0,0.0,0.0,0.0,1,0,0,0
Osteria A Priori - Perugia,0.14479105356091826,0.34826440531975106,0.26168224299065423,0.3636363636363636,0.11527953192133499,0.3971130357771878,0.22191386979493188,0.33333333333333337,0.6926107454701318,0.0,0.0,0.0,0.0,0.0,0.0,0.0,0.0,0.0,0.0,0.0,0.0,0.0,0.0,0.0,0.0,0.0,0.0,0.0,1.0,0.0,0.0,1,0,0,0
Civico25 - Perugia,0.14479105356091826,0.32487973726063535,0.22429906542056074,0.45454545454545453,0.16835583030816076,0.26573961497400167,0.583005044057999,0.20833333333333334,0.4031597949698534,0.0,0.0,0.0,0.0,0.0,0.0,0.0,0.0,0.0,0.0,0.0,0.0,0.0,0.0,0.0,0.0,0.0,0.0,0.0,0.0,1.0,0.0,0,0,1,1
Stella - Perugia,0.14479105356091826,0.8202698773029756,0.28037383177570097,0.18181818181818182,0.23386911837486257,0.7598457269319091,0.3368320426803182,0.29166666666666663,0.548403462658273,0.0,0.0,0.0,0.0,0.0,0.0,0.0,0.0,0.0,0.0,0.0,0.0,0.0,0.0,0.0,0.0,1.0,0.0,0.0,0.0,0.0,0.0,0,0,0,0
Bottega di Perugia - Perugia,0.14479105356091826,0.06159950804666721,0.10280373831775699,0.18181818181818182,0.02078628289564456,0.7965563420527788,0.7059999441391117,0.24999999999999997,0.10298249212616523,0.0,0.0,0.0,0.0,0.0,0.0,0.0,0.0,0.0,0.0,0.0,0.0,1.0,0.0,0.0,0.0,0.0,0.0,0.0,0.0,0.0,0.0,0,0,0,0
Chiosco della Porchetta - Antica Salumeria Granieri - Perugia,0.14479105356091826,0.06767971381240791,0.05607476635514019,0.3636363636363636,0.024335400892761233,0.6712817257614216,0.2860889161710257,0.5416666666666666,0.6435686983545852,0.0,0.0,0.0,0.0,0.0,0.0,0.0,0.0,0.0,0.0,0.0,0.0,0.0,0.0,0.0,0.0,0.0,0.0,1.0,0.0,0.0,0.0,0,1,1,1
Cukuc - Perugia,0.14479105356091826,0.053863693266899645,0.205607476635514,0.5454545454545454,0.0472635835448752,0.33583352267606015,0.5925640948671924,0.20833333333333334,0.6751226854047481,0.0,0.0,0.0,0.0,0.0,0.0,0.0,0.0,0.0,0.0,0.0,0.0,0.0,0.0,0.0,0.0,0.0,0.0,1.0,0.0,0.0,0.0,1,0,1,0
Caffè Corretto - Perugia,0.14479105356091826,0.04896812183491571,0.14953271028037382,0.27272727272727276,0.07735797100581408,0.6429276458351698,0.7574238068336893,0.24999999999999997,0.5420991270281714,0.0,0.0,1.0,0.0,0.0,0.0,0.0,0.0,0.0,0.0,0.0,0.0,0.0,0.0,0.0,0.0,0.0,0.0,0.0,0.0,0.0,0.0,1,1,1,0
Bombas Hamburgeria Sarda - Cagliari,0.0,0.1212032733519544,0.44859813084112143,1.0,0.1873398033880187,0.37545235677851807,0.24985462762648214,0.20833333333333334,1.0,0.0,1.0,0.0,0.0,0.0,0.0,0.0,0.0,0.0,0.0,0.0,0.0,1.0,0.0,0.0,0.0,0.0,0.0,0.0,0.0,0.0,0.0,1,1,1,0
Dal Corsaro - Cagliari,0.0,0.7994750019893212,0.5420560747663551,0.3636363636363636,0.5300287585679625,0.35953319620379853,0.03917416773165411,0.33333333333333337,0.8311956473597819,0.0,1.0,0.0,0.0,0.0,0.0,0.0,0.0,0.0,0.0,0.0,0.0,0.0,0.0,0.0,0.0,1.0,0.0,0.0,0.0,0.0,0.0,0,1,1,1
Framento - Cagliari,0.0,0.10412421700681761,0.8317757009345793,0.7272727272727273,0.24039873187499794,0.7527577360921941,0.5377309145258133,0.08333333333333334,0.7225211097733413,0.0,1.0,0.0,0.0,0.0,0.0,0.0,0.0,0.0,0.0,0.0,0.0,0.0,0.0,1.0,0.0,0.0,0.0,0.0,0.0,0.0,0.0,0,1,0,0
Impasto - Cagliari,0.0,0.2257589617724079,0.7009345794392523,0.8181818181818181,0.45655726617487685,0.6009826475847566,0.4793356202165281,0.24999999999999997,0.29354767614017924,0.0,1.0,0.0,0.0,0.0,0.0,0.0,0.0,0.0,0.0,0.0,0.0,0.0,0.0,1.0,0.0,0.0,0.0,0.0,0.0,0.0,0.0,0,1,0,1
Josto - Cagliari,0.0,0.530388475161002,0.7476635514018691,0.5454545454545454,0.3851548957810857,0.5608451700719096,0.5605685522114942,0.24999999999999997,0.2511047263081058,0.0,1.0,0.0,0.0,0.0,0.0,0.0,0.0,0.0,0.0,0.0,0.0,0.0,0.0,0.0,0.0,1.0,0.0,0.0,0.0,0.0,0.0,1,0,0,1
Lillicu - Cagliari,0.0,0.438357914969784,0.2710280373831776,0.3636363636363636,0.16523470706699533,0.48634213582053376,0.26751240164719803,0.20833333333333334,0.7432657538172469,0.0,1.0,0.0,0.0,0.0,0.0,0.0,0.0,0.0,0.0,0.0,0.0,0.0,0.0,0.0,0.0,0.0,0.0,0.0,1.0,0.0,0.0,0,0,1,0
3 Rane Ristoro - Lecce,0.0,0.7817211915308047,0.3457943925233644,0.27272727272727276,0.33331824660001363,0.978476960947358,0.694640120860775,0.0,0.5495673587716314,0.0,1.0,0.0,0.0,0.0,0.0,0.0,0.0,0.0,0.0,0.0,0.0,0.0,0.0,0.0,0.0,1.0,0.0,0.0,0.0,0.0,0.0,1,0,1,1
Buonifico - Lecce,0.0,0.42836676366929,0.30841121495327106,0.3636363636363636,0.23537348481972836,0.43468077371246605,0.6423717881203622,0.0,0.31573376980393436,0.0,1.0,0.0,0.0,0.0,0.0,0.0,0.0,0.0,0.0,0.0,0.0,0.0,0.0,0.0,0.0,0.0,0.0,0.0,1.0,0.0,0.0,0,0,1,0
Primo restaurant - Lecce,0.0,0.5455979588979519,0.6635514018691588,0.6363636363636365,0.5058578795328968,0.6746315261160711,0.49178674590055604,0.20833333333333334,0.844857018729511,0.0,1.0,0.0,0.0,0.0,0.0,0.0,0.0,0.0,0.0,0.0,0.0,0.0,0.0,0.0,0.0,1.0,0.0,0.0,0.0,0.0,0.0,1,1,0,1
Alle Due Corti - Lecce,0.0,0.3105107469272276,0.1588785046728972,0.18181818181818182,0.07151310666845871,0.9728564456242028,0.2688474500748561,0.16666666666666666,0.39158614712809786,0.0,1.0,0.0,0.0,0.0,0.0,0.0,0.0,0.0,0.0,0.0,0.0,0.0,0.0,0.0,0.0,0.0,0.0,0.0,1.0,0.0,0.0,0,0,0,0
Nerodiseppia - Trieste,1.0,0.40419210121450594,0.41121495327102797,0.45454545454545453,0.2722572988438622,0.5639519936631584,0.5812105914394875,0.5416666666666666,0.142106566757913,1.0,0.0,0.0,0.0,0.0,0.0,0.0,0.0,0.0,0.0,0.0,0.0,0.0,0.0,0.0,0.0,0.0,0.0,0.0,1.0,0.0,0.0,1,0,1,0
Puro - Piacere Unico Ristoro Originale - Trieste,1.0,0.594067011409011,0.7757009345794391,0.7272727272727273,0.5180730887983401,0.01827691347099472,0.4410991068264859,0.08333333333333334,0.6067752155473101,1.0,0.0,0.0,0.0,0.0,0.0,0.0,0.0,0.0,0.0,0.0,0.0,0.0,0.0,0.0,0.0,1.0,0.0,0.0,0.0,0.0,0.0,1,1,1,1
Alle Rondinelle - Trieste,1.0,0.3812629592293801,0.6261682242990654,0.7272727272727273,0.34716309490365976,0.6932012825397359,0.6308791114745614,0.41666666666666663,0.47453194318925723,1.0,0.0,0.0,0.0,0.0,0.0,0.0,0.0,0.0,0.0,1.0,0.0,0.0,0.0,0.0,0.0,0.0,0.0,0.0,0.0,0.0,0.0,1,0,1,1
Antica Trattoria Suban - Trieste,1.0,0.25820882336677026,0.4018691588785046,0.5454545454545454,0.14136268053456552,0.4265861112993602,0.5597985365172925,0.12499999999999997,0.6609365342958209,1.0,0.0,0.0,0.0,0.0,0.0,0.0,0.0,0.0,0.0,0.0,0.0,0.0,0.0,0.0,0.0,0.0,0.0,0.0,1.0,0.0,0.0,1,0,0,1
Panificio Fiore - Bari,0.0,0.0040267431946534316,0.24299065420560748,0.909090909090909,0.059395623178967544,0.03916640454691242,0.6576459235777784,0.33333333333333337,0.4547744881223191,0.0,1.0,0.0,0.0,0.0,0.0,0.0,0.0,0.0,0.0,0.0,1.0,0.0,0.0,0.0,0.0,0.0,0.0,0.0,0.0,0.0,0.0,0,0,1,0
Gentile - Bari,0.0,0.06901139976871921,0.18691588785046728,0.3636363636363636,0.10034523559184656,0.35004322633724094,0.6619250137637095,0.33333333333333337,0.22191914132160878,0.0,1.0,0.0,0.0,0.0,0.0,0.0,0.0,1.0,0.0,0.0,0.0,0.0,0.0,0.0,0.0,0.0,0.0,0.0,0.0,0.0,0.0,1,1,0,0
Panzeropoli by Benny - Bari,0.0,0.0032320193157045207,0.09345794392523363,0.27272727272727276,0.0,0.8748249228915057,0.3894849445018599,0.16666666666666666,0.2402658454515199,0.0,1.0,0.0,0.0,0.0,0.0,0.0,0.0,0.0,0.0,0.0,0.0,0.0,0.0,0.0,0.0,0.0,0.0,1.0,0.0,0.0,0.0,0,0,0,0
Al Pescatore - Bari,0.0,0.445970936573789,0.6635514018691588,0.6363636363636365,0.3107968732058606,0.2105845335424312,0.47307648101501,0.29166666666666663,0.43079472659405177,0.0,1.0,0.0,0.0,0.0,0.0,0.0,0.0,0.0,0.0,0.0,0.0,0.0,0.0,0.0,0.0,1.0,0.0,0.0,0.0,0.0,0.0,1,1,1,1
Oscar - Palermo,0.0,0.10110872251704552,0.11214953271028036,0.3636363636363636,0.0795651972564765,0.7173076092208664,0.6652855402664107,0.24999999999999997,0.7563174588209598,0.0,1.0,0.0,0.0,0.0,0.0,0.0,0.0,0.0,0.0,0.0,0.0,0.0,1.0,0.0,0.0,0.0,0.0,0.0,0.0,0.0,0.0,0,0,0,1
I segreti del chiostro - Palermo,0.0,0.1063322377865976,0.17757009345794392,0.45454545454545453,0.14804915626406429,0.8940386724988627,0.11900788140949847,0.24999999999999997,0.415168654681134,0.0,1.0,0.0,0.0,0.0,0.0,0.0,0.0,0.0,0.0,0.0,0.0,0.0,1.0,0.0,0.0,0.0,0.0,0.0,0.0,0.0,0.0,1,0,0,0
Gelateria Cappadonia - Palermo,0.0,0.044706843579072994,0.33644859813084105,0.5454545454545454,0.12488256961352205,0.3066150115867047,0.33521368841251886,0.20833333333333334,0.6974144622790608,0.0,1.0,0.0,0.0,0.0,0.0,0.0,0.0,1.0,0.0,0.0,0.0,0.0,0.0,0.0,0.0,0.0,0.0,0.0,0.0,0.0,0.0,1,1,1,0
Ficus - Palermo,0.0,0.061621107750048185,0.2336448598130841,0.6363636363636365,0.07554806624614348,0.37767431375698146,0.8985931343748846,0.12499999999999997,0.6186653477414983,0.0,1.0,0.0,0.0,0.0,0.0,0.0,0.0,1.0,0.0,0.0,0.0,0.0,0.0,0.0,0.0,0.0,0.0,0.0,0.0,0.0,0.0,1,0,1,1
Casa Stagnitta - Palermo,0.0,0.03670891379183537,0.14018691588785046,0.45454545454545453,0.11077344663090584,0.5446811987626263,0.5623230051936561,0.20833333333333334,0.4025508198045626,0.0,1.0,0.0,0.0,0.0,0.0,1.0,0.0,0.0,0.0,0.0,0.0,0.0,0.0,0.0,0.0,0.0,0.0,0.0,0.0,0.0,0.0,0,0,0,0
Da Bacone - Pescara,0.0,0.41335562336892323,0.47663551401869153,0.3636363636363636,0.32827534976750483,0.852257865498913,0.13918916926841496,0.33333333333333337,0.725860388745529,0.0,1.0,0.0,0.0,0.0,0.0,0.0,0.0,0.0,0.0,0.0,0.0,0.0,0.0,0.0,0.0,1.0,0.0,0.0,0.0,0.0,0.0,0,1,1,1
Botanico - Pescara,0.0,0.30017328176056834,0.3177570093457943,0.3636363636363636,0.23585628098337774,0.022166380922689688,0.5983013470001365,0.625,0.5886402429952837,0.0,1.0,0.0,1.0,0.0,0.0,0.0,0.0,0.0,0.0,0.0,0.0,0.0,0.0,0.0,0.0,0.0,0.0,0.0,0.0,0.0,0.0,1,1,0,1
casaMatta - Pescara,0.0,0.46308002205289217,0.21495327102803738,0.09090909090909088,0.180527519268035,0.60897032502932,0.339453132192007,0.20833333333333334,0.40386801817432033,0.0,1.0,0.0,0.0,0.0,0.0,0.0,0.0,0.0,0.0,0.0,0.0,0.0,0.0,0.0,0.0,1.0,0.0,0.0,0.0,0.0,0.0,1,0,1,0
Cicchelli - Pescara,0.0,0.2741222965898785,0.11214953271028036,0.3636363636363636,0.12914767290436574,0.7509710588469571,0.505964788806988,0.24999999999999997,0.5139021754650908,0.0,1.0,0.0,0.0,0.0,0.0,0.0,0.0,0.0,0.0,0.0,0.0,0.0,0.0,0.0,0.0,0.0,0.0,0.0,0.0,1.0,0.0,0,1,0,0
Osteria del Mare - Pescara,0.0,0.6512310140529698,0.42056074766355134,0.3636363636363636,0.32730346765033236,0.0324255750961811,0.8586944672045277,0.04166666666666666,0.8417955827644499,0.0,1.0,0.0,0.0,0.0,0.0,0.0,0.0,0.0,0.0,0.0,0.0,0.0,0.0,0.0,0.0,1.0,0.0,0.0,0.0,0.0,0.0,1,1,0,0
Primo Passo - Pescara,0.0,0.2841155267834794,0.28971962616822433,0.45454545454545453,0.1465971612407383,0.25736225015423364,0.6813488374503761,0.5833333333333334,0.5438353473430779,0.0,1.0,0.0,1.0,0.0,0.0,0.0,0.0,0.0,0.0,0.0,0.0,0.0,0.0,0.0,0.0,0.0,0.0,0.0,0.0,0.0,0.0,1,0,0,1
Soms - Pescara,0.0,0.4583794459881489,0.43925233644859807,0.3636363636363636,0.34042942103921336,0.5343933680544516,0.40866235143549523,0.16666666666666666,0.7118226614301717,0.0,1.0,0.0,0.0,0.0,0.0,0.0,0.0,0.0,0.0,0.0,0.0,0.0,0.0,0.0,0.0,1.0,0.0,0.0,0.0,0.0,0.0,0,0,0,1
Taverna 58 - Pescara,0.0,0.3422891644211045,0.4859813084112149,0.5454545454545454,0.28981099915587527,0.18371234102877196,0.2691016789265318,0.375,0.2865346381053813,0.0,1.0,0.0,0.0,0.0,0.0,0.0,0.0,0.0,0.0,0.0,0.0,0.0,0.0,0.0,0.0,0.0,0.0,0.0,1.0,0.0,0.0,0,1,0,0
Forno Ardito - Pescara,0.0,0.03475824009631055,0.25233644859813087,0.909090909090909,0.1147669534267831,0.8983419461375073,0.0,0.33333333333333337,0.2540559502617003,0.0,1.0,0.0,0.0,0.0,0.0,0.0,0.0,0.0,0.0,0.0,1.0,0.0,0.0,0.0,0.0,0.0,0.0,0.0,0.0,0.0,0.0,1,0,1,0
Alla Chitarra Antica - Pescara,0.0,0.03974896795032541,0.18691588785046728,0.6363636363636365,0.03143999391344143,0.11754418518088802,0.04136791889561453,0.29166666666666663,0.7984265846778886,0.0,1.0,0.0,0.0,0.0,0.0,0.0,1.0,0.0,0.0,0.0,0.0,0.0,0.0,0.0,0.0,0.0,0.0,0.0,0.0,0.0,0.0,0,0,1,0
Don Gennaro - Pescara,0.0,0.3033663712549428,0.25233644859813087,0.45454545454545453,0.17280443310006688,0.49722177786225874,0.6668604744527499,0.20833333333333334,0.44717532285384903,0.0,1.0,0.0,0.0,0.0,0.0,0.0,0.0,0.0,0.0,0.0,0.0,0.0,0.0,0.0,0.0,0.0,0.0,0.0,0.0,1.0,0.0,0,0,1,0
La Fabbrica del Vino - Pescara,0.0,0.2408516435175576,0.21495327102803738,0.27272727272727276,0.10941759101669556,0.2920445299288278,0.6857997832457022,0.33333333333333337,0.345269816639909,0.0,1.0,0.0,1.0,0.0,0.0,0.0,0.0,0.0,0.0,0.0,0.0,0.0,0.0,0.0,0.0,0.0,0.0,0.0,0.0,0.0,0.0,0,0,0,0
Officina Frate Tac - Pescara,0.0,0.2718198813522602,0.7663551401869158,1.0,0.41803965906354407,0.3572628444313142,0.4752105550878418,0.33333333333333337,0.45057411469756975,0.0,1.0,0.0,0.0,0.0,0.0,0.0,0.0,0.0,1.0,0.0,0.0,0.0,0.0,0.0,0.0,0.0,0.0,0.0,0.0,0.0,0.0,1,1,0,0
Nole - Pescara,0.0,0.6081214811224538,0.44859813084112143,0.3636363636363636,0.49947329932836587,0.07279504639535131,0.4291309403939654,0.24999999999999997,0.4856801336278744,0.0,1.0,0.0,0.0,0.0,0.0,0.0,0.0,0.0,0.0,0.0,0.0,0.0,0.0,0.0,0.0,1.0,0.0,0.0,0.0,0.0,0.0,0,0,0,0
Café Les Paillotes - Pescara,0.0,0.6666980841947734,0.4018691588785046,0.3636363636363636,0.33813872456355426,0.8908980340621682,0.1450064288692534,0.41666666666666663,0.7531714413603185,0.0,1.0,0.0,0.0,0.0,0.0,0.0,0.0,0.0,0.0,0.0,0.0,0.0,0.0,0.0,0.0,1.0,0.0,0.0,0.0,0.0,0.0,0,0,1,1
Archivio Storico - Napoli,0.0,0.5815343527089059,0.5887850467289719,0.3636363636363636,0.3490632822325619,0.2549257344789514,0.13213575066346017,0.6666666666666666,1.0,0.0,1.0,0.0,0.0,0.0,0.0,0.0,0.0,0.0,0.0,0.0,0.0,0.0,0.0,0.0,0.0,1.0,0.0,0.0,0.0,0.0,0.0,0,0,0,1
Aria - Napoli,0.0,0.7483845421154123,0.5607476635514018,0.45454545454545453,0.5991429199382362,0.9727455305912875,0.35787037099441965,0.29166666666666663,0.9674736103296553,0.0,1.0,0.0,0.0,0.0,0.0,0.0,0.0,0.0,0.0,0.0,0.0,0.0,0.0,0.0,0.0,1.0,0.0,0.0,0.0,0.0,0.0,1,0,0,1
Cap’Alice - Napoli,0.0,0.31927382840756086,0.44859813084112143,0.6363636363636365,0.2653236800087349,0.028914907858521133,0.6233000413422874,0.5,0.5624817235128825,0.0,1.0,0.0,1.0,0.0,0.0,0.0,0.0,0.0,0.0,0.0,0.0,0.0,0.0,0.0,0.0,0.0,0.0,0.0,0.0,0.0,0.0,1,0,1,0
Il Comandante del Romeo Hotel - Napoli,0.0,0.621051593781217,0.6074766355140186,0.45454545454545453,0.5131119980110602,0.4901477783255971,0.47385686037805375,0.8333333333333334,0.6347103665487608,0.0,1.0,0.0,0.0,0.0,0.0,0.0,0.0,0.0,0.0,0.0,0.0,0.0,0.0,0.0,0.0,1.0,0.0,0.0,0.0,0.0,0.0,1,1,1,0
Amocù - Catania,0.0,0.7453648071605257,0.22429906542056074,0.18181818181818182,0.23051835875583526,0.5310602649838879,0.6645241680777395,0.41666666666666663,0.27482652296341586,0.0,1.0,0.0,0.0,0.0,0.0,0.0,0.0,0.0,0.0,0.0,0.0,0.0,0.0,0.0,0.0,1.0,0.0,0.0,0.0,0.0,0.0,0,0,0,0
Osteria Antica Marina - Catania,0.0,0.3813526376198957,0.25233644859813087,0.27272727272727276,0.16120632473126534,0.7211484603743811,0.7344261678468099,0.12499999999999997,0.9606074533348881,0.0,1.0,0.0,0.0,0.0,0.0,0.0,0.0,0.0,0.0,0.0,0.0,0.0,0.0,0.0,0.0,0.0,0.0,0.0,1.0,0.0,0.0,0,0,0,0
Materia Spazio Cucina di Habitat Boutique Hotel - Catania,0.0,0.5782909607107022,0.7663551401869158,0.7272727272727273,0.5597256292720202,0.38171553348690035,0.4699850613426184,0.24999999999999997,0.6049859071384409,0.0,1.0,0.0,0.0,0.0,0.0,0.0,0.0,0.0,0.0,0.0,0.0,0.0,0.0,0.0,0.0,1.0,0.0,0.0,0.0,0.0,0.0,1,1,0,0
Me Cumpari Turiddu - Catania,0.0,0.29695806435042366,0.3457943925233644,0.45454545454545453,0.3041796152187305,0.7540123623358055,0.6972571707469598,0.24999999999999997,0.41890516681958795,0.0,1.0,0.0,1.0,0.0,0.0,0.0,0.0,0.0,0.0,0.0,0.0,0.0,0.0,0.0,0.0,0.0,0.0,0.0,0.0,0.0,0.0,1,1,1,1
Bacancito - Milano,1.0,0.6631167526197089,0.5700934579439252,0.3636363636363636,0.4385260637845881,0.8311348660865427,0.6270621471641852,0.375,0.5330935495254729,1.0,0.0,0.0,0.0,0.0,0.0,0.0,0.0,0.0,0.0,0.0,0.0,0.0,0.0,0.0,0.0,1.0,0.0,0.0,0.0,0.0,0.0,0,0,0,0
Barbacoa - Milano,1.0,0.5978861730537472,0.5887850467289719,0.3636363636363636,0.47368633934501375,0.8436018979588424,0.46623841079677897,0.375,0.7732275134497566,1.0,0.0,0.0,0.0,0.0,0.0,0.0,0.0,0.0,0.0,0.0,0.0,0.0,0.0,0.0,0.0,0.0,1.0,0.0,0.0,0.0,0.0,0,1,1,0
Beefbar Quadrilatero del Portrait Milano Hotel - Milano,1.0,0.8984412392486704,0.5514018691588785,0.3636363636363636,0.5443895885161378,0.42678976625296583,0.35298177672220965,0.5833333333333334,0.8557012236376664,1.0,0.0,0.0,0.0,0.0,0.0,0.0,0.0,0.0,0.0,0.0,0.0,0.0,0.0,0.0,0.0,0.0,1.0,0.0,0.0,0.0,0.0,1,1,1,1
Carni&Co - Milano,1.0,0.6743572540297896,0.4579439252336448,0.3636363636363636,0.4436244731371138,0.0553626187131758,0.5055965473886411,0.45833333333333337,0.33931920012756506,1.0,0.0,0.0,0.0,1.0,0.0,0.0,0.0,0.0,0.0,0.0,0.0,0.0,0.0,0.0,0.0,0.0,0.0,0.0,0.0,0.0,0.0,0,1,1,1
Ai Mercanti - Venezia,1.0,0.44587184784578987,0.3271028037383177,0.27272727272727276,0.22459384067241833,0.8517921192995006,0.40532038226791767,0.33333333333333337,0.5790560703836019,1.0,0.0,0.0,0.0,0.0,0.0,0.0,0.0,0.0,0.0,0.0,0.0,0.0,0.0,0.0,0.0,1.0,0.0,0.0,0.0,0.0,0.0,0,0,1,0
Antinoo's Lounge & Restaurant - Venezia,1.0,0.4373156042522884,0.7383177570093458,0.45454545454545453,0.3260502007284613,0.013699981706725345,0.7300499073573893,0.7083333333333334,0.4268559369592699,1.0,0.0,0.0,0.0,0.0,0.0,0.0,0.0,0.0,0.0,0.0,0.0,0.0,0.0,0.0,0.0,1.0,0.0,0.0,0.0,0.0,0.0,0,1,1,0
Osteria Al Cantinon - Venezia,1.0,0.20881424375888308,0.5794392523364486,0.909090909090909,0.18870227794970118,0.5830235834379777,0.24326231958713773,0.5833333333333334,0.5812913550115375,1.0,0.0,0.0,0.0,0.0,0.0,0.0,0.0,0.0,0.0,1.0,0.0,0.0,0.0,0.0,0.0,0.0,0.0,0.0,0.0,0.0,0.0,0,0,1,0
Oro dell'Hotel Cipriani - Venezia,1.0,0.8943221875322881,0.26168224299065423,0.09090909090909088,0.31470800529413134,0.3762745845142996,0.329887673625634,0.7083333333333334,0.44849954793236885,1.0,0.0,0.0,0.0,0.0,0.0,0.0,0.0,0.0,0.0,0.0,0.0,0.0,0.0,0.0,0.0,1.0,0.0,0.0,0.0,0.0,0.0,0,0,0,1
Birraria La Corte - Venezia,1.0,0.28157421976892094,0.3457943925233644,0.3636363636363636,0.2805675750168523,0.2750051342780787,0.9885633150375507,0.5,0.765915353579778,1.0,0.0,0.0,0.0,0.0,0.0,0.0,0.0,0.0,0.0,0.0,0.0,0.0,0.0,1.0,0.0,0.0,0.0,0.0,0.0,0.0,0.0,1,1,1,1
Trattoria da me - Bologna,1.0,0.40894757381461583,0.5514018691588785,0.8181818181818181,0.37669124254358954,0.0031161057820391913,0.6310620433169806,0.7083333333333334,0.40130298471265896,1.0,0.0,0.0,0.0,0.0,0.0,0.0,0.0,0.0,0.0,0.0,0.0,0.0,0.0,0.0,0.0,0.0,0.0,0.0,1.0,0.0,0.0,0,0,1,1
Osteria Bottega - Bologna,1.0,0.4838402300000871,0.6822429906542056,0.909090909090909,0.3608552494996267,0.09975307305754352,0.434758794454688,0.12499999999999997,0.5393167909681311,1.0,0.0,0.0,0.0,0.0,0.0,0.0,0.0,0.0,0.0,0.0,0.0,0.0,0.0,0.0,0.0,0.0,0.0,0.0,1.0,0.0,0.0,0,0,1,0
Cubique - Torino,1.0,0.6540794540179123,0.5887850467289719,0.5454545454545454,0.5396962751592352,0.8907771276182495,0.4116358335581468,0.5,0.40668657541297076,1.0,0.0,0.0,0.0,0.0,0.0,0.0,0.0,0.0,0.0,0.0,0.0,0.0,0.0,0.0,0.0,1.0,0.0,0.0,0.0,0.0,0.0,0,1,1,1
Condividere - Torino,1.0,0.6065441391945205,0.7289719626168224,0.45454545454545453,0.5652003201117469,0.8023436756739419,0.6450892733602281,0.7083333333333334,0.6429176964351169,1.0,0.0,0.0,0.0,0.0,0.0,0.0,0.0,0.0,0.0,0.0,0.0,0.0,0.0,0.0,0.0,1.0,0.0,0.0,0.0,0.0,0.0,1,0,1,1
Consorzio - Torino,1.0,0.34443799242609796,0.3271028037383177,0.3636363636363636,0.16979920935225173,0.15229788701299127,0.4660991676167483,0.5,0.9292749939516065,1.0,0.0,0.0,0.0,0.0,0.0,0.0,0.0,0.0,0.0,0.0,0.0,0.0,0.0,0.0,0.0,0.0,0.0,0.0,1.0,0.0,0.0,0,1,1,0
Da Christian e Manuel dell’Hotel Cinzia - Vercelli,1.0,0.40806063548810906,0.6355140186915887,0.3636363636363636,0.3068625691797928,0.6765362185561832,0.26567246030312064,0.20833333333333334,0.6365388320526235,1.0,0.0,0.0,0.0,0.0,0.0,0.0,0.0,0.0,0.0,0.0,0.0,0.0,0.0,0.0,0.0,1.0,0.0,0.0,0.0,0.0,0.0,0,1,1,1
Baccano - Roma,0.14479105356091826,0.26464260252805,0.4579439252336448,0.7272727272727273,0.27967406839493797,0.07899816426817055,0.5233172396283983,0.6666666666666666,0.6782089072035775,0.0,0.0,0.0,1.0,0.0,0.0,0.0,0.0,0.0,0.0,0.0,0.0,0.0,0.0,0.0,0.0,0.0,0.0,0.0,0.0,0.0,0.0,1,0,0,0
Grappolo d’Oro - Roma,0.14479105356091826,0.5235262387483228,0.39252336448598124,0.3636363636363636,0.30421097562488747,0.7213313375982948,0.20967094538866882,0.9583333333333334,0.42056350239339696,0.0,0.0,0.0,0.0,0.0,0.0,0.0,0.0,0.0,0.0,0.0,0.0,0.0,0.0,0.0,0.0,0.0,0.0,0.0,1.0,0.0,0.0,0,0,0,1
L’Arcangelo Vino e Cucina - Roma,0.14479105356091826,0.47002872271894086,0.3177570093457943,0.27272727272727276,0.16791540792342996,0.6732594253313641,0.4697240474097194,0.625,0.4898103456486241,0.0,0.0,0.0,0.0,0.0,0.0,0.0,0.0,0.0,0.0,0.0,0.0,0.0,0.0,0.0,0.0,0.0,0.0,0.0,1.0,0.0,0.0,0,0,0,1
Locale Firenze - Firenze,0.14479105356091826,0.6115150348413658,0.5514018691588785,0.45454545454545453,0.33836140079655985,0.7966666418595598,0.11178319712091822,0.5,0.44959614300357437,0.0,0.0,0.0,0.0,0.0,0.0,0.0,0.0,0.0,0.0,0.0,0.0,0.0,0.0,0.0,0.0,1.0,0.0,0.0,0.0,0.0,0.0,1,0,1,0
